"AB_ZEIT";"AN_ZEIT";"AB_HST_NAME";"AN_HST_NAME";"AB_HSTBEREICH_NR";"AN_HSTBEREICH_NR";"TRANSPORTMITTEL";"LINIE";"AB_X";"AB_Y";"AN_X";"AN_Y"
"5:39 (20340)";"5:40 (20400)";"Dresden S¸dvorstadt";"Dresden N¸rnberger Platz";"13301";"13201";"TRAM";"8";"1.372.208";"5.103.404";"1.372.694";"5.103.178"
"5:40 (20400)";"5:41 (20460)";"Dresden N¸rnberger Platz";"Dresden Reichenbachstraﬂe";"13201";"13101";"TRAM";"8";"1.372.694";"5.103.178";"1.373.139";"5.103.513"
"5:41 (20460)";"5:43 (20580)";"Dresden Reichenbachstraﬂe";"Dresden Hauptbahnhof";"13101";"02802";"TRAM";"8";"1.373.139";"5.103.513";"1.373.218";"5.104.020"
"5:43 (20580)";"5:44 (20640)";"Dresden Hauptbahnhof";"Dresden Hauptbahnhof Nord";"02802";"03201";"TRAM";"8";"1.373.218";"5.104.020";"1.373.509";"5.104.136"
"5:44 (20640)";"5:45 (20700)";"Dresden Hauptbahnhof Nord";"Dresden Walpurgisstraﬂe";"03201";"02901";"TRAM";"8";"1.373.509";"5.104.136";"1.373.766";"5.104.381"
"5:45 (20700)";"5:47 (20820)";"Dresden Walpurgisstraﬂe";"Dresden Prager Straﬂe";"02901";"00301";"TRAM";"8";"1.373.766";"5.104.381";"1.373.783";"5.104.715"
"5:47 (20820)";"5:49 (20940)";"Dresden Prager Straﬂe";"Dresden Postplatz";"00301";"03702";"TRAM";"8";"1.373.783";"5.104.715";"1.373.359";"5.105.085"
"5:49 (20940)";"5:51 (21060)";"Dresden Postplatz";"Dresden Theaterplatz";"03702";"02002";"TRAM";"8";"1.373.359";"5.105.085";"1.373.658";"5.105.358"
"5:51 (21060)";"5:53 (21180)";"Dresden Theaterplatz";"Dresden Neust‰dter Markt";"02002";"01902";"TRAM";"8";"1.373.658";"5.105.358";"1.374.128";"5.105.782"
"5:53 (21180)";"5:54 (21240)";"Dresden Neust‰dter Markt";"Dresden Carolaplatz";"01902";"01401";"TRAM";"8";"1.374.128";"5.105.782";"1.374.596";"5.105.753"
"5:54 (21240)";"5:55 (21300)";"Dresden Carolaplatz";"Dresden Carolaplatz";"01401";"01402";"TRAM";"8";"1.374.596";"5.105.753";"1.374.596";"5.105.753"
"5:55 (21300)";"5:57 (21420)";"Dresden Carolaplatz";"Dresden Albertplatz";"01402";"01301";"TRAM";"8";"1.374.596";"5.105.753";"1.374.675";"5.106.331"
"5:57 (21420)";"5:58 (21480)";"Dresden Albertplatz";"Dresden Louisenstraﬂe";"01301";"26101";"TRAM";"8";"1.374.675";"5.106.331";"1.374.764";"5.106.796"
"5:58 (21480)";"6:00 (21600)";"Dresden Louisenstraﬂe";"Dresden Bischofsweg";"26101";"26201";"TRAM";"8";"1.374.764";"5.106.796";"1.375.074";"5.107.142"
"6:00 (21600)";"6:01 (21660)";"Dresden Bischofsweg";"Dresden Tannenstraﬂe";"26201";"25901";"TRAM";"8";"1.375.074";"5.107.142";"1.375.286";"5.107.376"
"6:01 (21660)";"6:03 (21780)";"Dresden Tannenstraﬂe";"Dresden Stauffenbergallee";"25901";"26501";"TRAM";"8";"1.375.286";"5.107.376";"1.375.554";"5.107.662"
"6:03 (21780)";"6:04 (21840)";"Dresden Stauffenbergallee";"Dresden Heeresb‰ckerei";"26501";"26601";"TRAM";"8";"1.375.554";"5.107.662";"1.376.026";"5.108.188"
"6:04 (21840)";"6:05 (21900)";"Dresden Heeresb‰ckerei";"Dresden Industriegel‰nde";"26601";"26702";"TRAM";"8";"1.376.026";"5.108.188";"1.376.302";"5.108.678"
"6:05 (21900)";"6:06 (21960)";"Dresden Industriegel‰nde";"Dresden Hellersiedlung";"26702";"26801";"TRAM";"8";"1.376.302";"5.108.678";"1.376.558";"5.109.352"
"6:06 (21960)";"6:08 (22080)";"Dresden Hellersiedlung";"Dresden Moritzburger Weg";"26801";"26901";"TRAM";"8";"1.376.558";"5.109.352";"1.376.883";"5.109.911"
"6:08 (22080)";"6:09 (22140)";"Dresden Moritzburger Weg";"Dresden Infineon S¸d";"26901";"27002";"TRAM";"8";"1.376.883";"5.109.911";"1.377.019";"5.110.301"
"6:09 (22140)";"6:11 (22260)";"Dresden Infineon S¸d";"Dresden Am Hellerrand";"27002";"27101";"TRAM";"8";"1.377.019";"5.110.301";"1.376.323";"5.111.075"
"6:11 (22260)";"6:12 (22320)";"Dresden Am Hellerrand";"Dresden Heinrich-Tessenow-Weg";"27101";"27201";"TRAM";"8";"1.376.323";"5.111.075";"1.375.952";"5.111.260"
"6:12 (22320)";"6:13 (22380)";"Dresden Heinrich-Tessenow-Weg";"Dresden Festspielhaus Hellerau";"27201";"27301";"TRAM";"8";"1.375.952";"5.111.260";"1.375.109";"5.111.260"
"6:13 (22380)";"6:14 (22440)";"Dresden Festspielhaus Hellerau";"Dresden Brunnenweg";"27301";"27401";"TRAM";"8";"1.375.109";"5.111.260";"1.374.614";"5.111.559"
"6:14 (22440)";"6:15 (22500)";"Dresden Brunnenweg";"Dresden Hellerau Kiefernweg";"27401";"27501";"TRAM";"8";"1.374.614";"5.111.559";"1.374.070";"5.111.678"
"6:19 (22740)";"6:20 (22800)";"Dresden Hellerau Kiefernweg";"Dresden Brunnenweg";"27501";"27401";"TRAM";"8";"1.374.070";"5.111.678";"1.374.614";"5.111.559"
"6:20 (22800)";"6:21 (22860)";"Dresden Brunnenweg";"Dresden Festspielhaus Hellerau";"27401";"27301";"TRAM";"8";"1.374.614";"5.111.559";"1.375.109";"5.111.260"
"6:21 (22860)";"6:22 (22920)";"Dresden Festspielhaus Hellerau";"Dresden Heinrich-Tessenow-Weg";"27301";"27202";"TRAM";"8";"1.375.109";"5.111.260";"1.375.952";"5.111.260"
"6:22 (22920)";"6:23 (22980)";"Dresden Heinrich-Tessenow-Weg";"Dresden Am Hellerrand";"27202";"27101";"TRAM";"8";"1.375.952";"5.111.260";"1.376.323";"5.111.075"
"6:23 (22980)";"6:25 (23100)";"Dresden Am Hellerrand";"Dresden Infineon S¸d";"27101";"27002";"TRAM";"8";"1.376.323";"5.111.075";"1.377.019";"5.110.301"
"6:27 (23220)";"6:28 (23280)";"Dresden Infineon S¸d";"Dresden Infineon Nord";"27001";"27601";"TRAM";"7";"1.377.019";"5.110.301";"1.377.286";"5.110.759"
"6:28 (23280)";"6:29 (23340)";"Dresden Infineon Nord";"Dresden Karl-Marx-Straﬂe";"27601";"27701";"TRAM";"7";"1.377.286";"5.110.759";"1.377.577";"5.111.061"
"6:29 (23340)";"6:31 (23460)";"Dresden Karl-Marx-Straﬂe";"Dresden Zur Neuen Br¸cke";"27701";"27801";"TRAM";"7";"1.377.577";"5.111.061";"1.378.406";"5.111.435"
"6:31 (23460)";"6:33 (23580)";"Dresden Zur Neuen Br¸cke";"Dresden K‰the-Kollwitz-Platz";"27801";"27901";"TRAM";"7";"1.378.406";"5.111.435";"1.378.993";"5.111.892"
"6:33 (23580)";"6:34 (23640)";"Dresden K‰the-Kollwitz-Platz";"Dresden Arkonastraﬂe";"27901";"28001";"TRAM";"7";"1.378.993";"5.111.892";"1.379.122";"5.112.319"
"6:34 (23640)";"6:36 (23760)";"Dresden Arkonastraﬂe";"DD Industriepark Klotzsche";"28001";"28101";"TRAM";"7";"1.379.122";"5.112.319";"1.379.264";"5.112.753"
"6:36 (23760)";"6:37 (23820)";"DD Industriepark Klotzsche";"Weixdorf Fuchsberg";"28101";"658301";"TRAM";"7";"1.379.264";"5.112.753";"1.379.521";"5.113.373"
"6:37 (23820)";"6:39 (23940)";"Weixdorf Fuchsberg";"Weixdorf Haltepunkt Bad";"658301";"658403";"TRAM";"7";"1.379.521";"5.113.373";"1.380.090";"5.113.998"
"6:39 (23940)";"6:40 (24000)";"Weixdorf Haltepunkt Bad";"Weixdorf (Rathenaustraﬂe)";"658403";"658801";"TRAM";"7";"1.380.090";"5.113.998";"1.380.392";"5.114.405"
"6:45 (24300)";"6:47 (24420)";"Weixdorf (Rathenaustraﬂe)";"Weixdorf Haltepunkt Bad";"658801";"658403";"TRAM";"7";"1.380.392";"5.114.405";"1.380.090";"5.113.998"
"6:47 (24420)";"6:49 (24540)";"Weixdorf Haltepunkt Bad";"Weixdorf Fuchsberg";"658403";"658301";"TRAM";"7";"1.380.090";"5.113.998";"1.379.521";"5.113.373"
"6:49 (24540)";"6:50 (24600)";"Weixdorf Fuchsberg";"DD Industriepark Klotzsche";"658301";"28101";"TRAM";"7";"1.379.521";"5.113.373";"1.379.264";"5.112.753"
"6:50 (24600)";"6:51 (24660)";"DD Industriepark Klotzsche";"Dresden Arkonastraﬂe";"28101";"28001";"TRAM";"7";"1.379.264";"5.112.753";"1.379.122";"5.112.319"
"6:51 (24660)";"6:53 (24780)";"Dresden Arkonastraﬂe";"Dresden K‰the-Kollwitz-Platz";"28001";"27901";"TRAM";"7";"1.379.122";"5.112.319";"1.378.993";"5.111.892"
"6:53 (24780)";"6:55 (24900)";"Dresden K‰the-Kollwitz-Platz";"Dresden Zur Neuen Br¸cke";"27901";"27801";"TRAM";"7";"1.378.993";"5.111.892";"1.378.406";"5.111.435"
"6:55 (24900)";"6:57 (25020)";"Dresden Zur Neuen Br¸cke";"Dresden Karl-Marx-Straﬂe";"27801";"27701";"TRAM";"7";"1.378.406";"5.111.435";"1.377.577";"5.111.061"
"6:57 (25020)";"6:58 (25080)";"Dresden Karl-Marx-Straﬂe";"Dresden Infineon Nord";"27701";"27601";"TRAM";"7";"1.377.577";"5.111.061";"1.377.286";"5.110.759"
"6:58 (25080)";"7:00 (25200)";"Dresden Infineon Nord";"Dresden Infineon S¸d";"27601";"27001";"TRAM";"7";"1.377.286";"5.110.759";"1.377.019";"5.110.301"
"7:00 (25200)";"7:01 (25260)";"Dresden Infineon S¸d";"Dresden Moritzburger Weg";"27001";"26901";"TRAM";"7";"1.377.019";"5.110.301";"1.376.883";"5.109.911"
"7:01 (25260)";"7:03 (25380)";"Dresden Moritzburger Weg";"Dresden Hellersiedlung";"26901";"26801";"TRAM";"7";"1.376.883";"5.109.911";"1.376.558";"5.109.352"
"7:03 (25380)";"7:04 (25440)";"Dresden Hellersiedlung";"Dresden Industriegel‰nde";"26801";"26702";"TRAM";"7";"1.376.558";"5.109.352";"1.376.302";"5.108.678"
"7:04 (25440)";"7:05 (25500)";"Dresden Industriegel‰nde";"Dresden Heeresb‰ckerei";"26702";"26601";"TRAM";"7";"1.376.302";"5.108.678";"1.376.026";"5.108.188"
"7:05 (25500)";"7:07 (25620)";"Dresden Heeresb‰ckerei";"Dresden Stauffenbergallee";"26601";"26501";"TRAM";"7";"1.376.026";"5.108.188";"1.375.554";"5.107.662"
"7:07 (25620)";"7:08 (25680)";"Dresden Stauffenbergallee";"Dresden Tannenstraﬂe";"26501";"25901";"TRAM";"7";"1.375.554";"5.107.662";"1.375.286";"5.107.376"
"7:08 (25680)";"7:09 (25740)";"Dresden Tannenstraﬂe";"Dresden Bischofsweg";"25901";"26201";"TRAM";"7";"1.375.286";"5.107.376";"1.375.074";"5.107.142"
"7:14 (26040)";"7:16 (26160)";"Dresden Bischofsweg";"Dresden Bischofsplatz";"26201";"24701";"TRAM";"13";"1.375.074";"5.107.142";"1.374.687";"5.107.196"
"7:16 (26160)";"7:17 (26220)";"Dresden Bischofsplatz";"Dresden Friedensstraﬂe";"24701";"24601";"TRAM";"13";"1.374.687";"5.107.196";"1.374.088";"5.107.343"
"7:17 (26220)";"7:20 (26400)";"Dresden Friedensstraﬂe";"Dresden Liststraﬂe";"24601";"24301";"TRAM";"13";"1.374.088";"5.107.343";"1.373.301";"5.107.662"
"7:20 (26400)";"7:22 (26520)";"Dresden Liststraﬂe";"Dresden B¸rgerstraﬂe";"24301";"24401";"TRAM";"13";"1.373.301";"5.107.662";"1.372.557";"5.107.690"
"7:22 (26520)";"7:23 (26580)";"Dresden B¸rgerstraﬂe";"Dresden Rathaus Pieschen";"24401";"24501";"TRAM";"13";"1.372.557";"5.107.690";"1.372.175";"5.107.738"
"7:23 (26580)";"7:25 (26700)";"Dresden Rathaus Pieschen";"Dresden Altpieschen";"24501";"20002";"TRAM";"13";"1.372.175";"5.107.738";"1.371.712";"5.107.738"
"7:25 (26700)";"7:26 (26760)";"Dresden Altpieschen";"Dresden Mickten";"20002";"20502";"TRAM";"13";"1.371.712";"5.107.738";"1.371.391";"5.108.038"
"7:26 (26760)";"7:28 (26880)";"Dresden Mickten";"Dresden Mickten";"20502";"20501";"TRAM";"13";"1.371.391";"5.108.038";"1.371.391";"5.108.038"
"7:34 (27240)";"7:35 (27300)";"Dresden Mickten";"Dresden Trachauer Straﬂe";"20503";"20601";"TRAM";"9";"1.371.391";"5.108.038";"1.370.812";"5.107.892"
"7:35 (27300)";"7:36 (27360)";"Dresden Trachauer Straﬂe";"Dresden An der Flutrinne";"20601";"21702";"TRAM";"9";"1.370.812";"5.107.892";"1.369.908";"5.107.718"
"7:36 (27360)";"7:37 (27420)";"Dresden An der Flutrinne";"Dresden Sˆrnewitzer Straﬂe";"21702";"21801";"TRAM";"9";"1.369.908";"5.107.718";"1.369.713";"5.107.982"
"7:37 (27420)";"7:39 (27540)";"Dresden Sˆrnewitzer Straﬂe";"Dresden ElbePark";"21801";"58801";"TRAM";"9";"1.369.713";"5.107.982";"1.369.536";"5.108.198"
"7:39 (27540)";"7:40 (27600)";"Dresden ElbePark";"Dresden Washingtonstraﬂe";"58801";"22001";"TRAM";"9";"1.369.536";"5.108.198";"1.369.126";"5.108.228"
"7:40 (27600)";"7:41 (27660)";"Dresden Washingtonstraﬂe";"Dresden Riegelplatz";"22001";"58501";"TRAM";"9";"1.369.126";"5.108.228";"1.368.679";"5.108.334"
"7:43 (27780)";"7:44 (27840)";"Dresden Riegelplatz";"Dresden Washingtonstraﬂe";"58501";"22001";"TRAM";"9";"1.368.679";"5.108.334";"1.369.126";"5.108.228"
"7:44 (27840)";"7:45 (27900)";"Dresden Washingtonstraﬂe";"Dresden ElbePark";"22001";"58801";"TRAM";"9";"1.369.126";"5.108.228";"1.369.536";"5.108.198"
"7:45 (27900)";"7:46 (27960)";"Dresden ElbePark";"Dresden Sˆrnewitzer Straﬂe";"58801";"21801";"TRAM";"9";"1.369.536";"5.108.198";"1.369.713";"5.107.982"
"7:46 (27960)";"7:47 (28020)";"Dresden Sˆrnewitzer Straﬂe";"Dresden An der Flutrinne";"21801";"21702";"TRAM";"9";"1.369.713";"5.107.982";"1.369.908";"5.107.718"
"7:47 (28020)";"7:49 (28140)";"Dresden An der Flutrinne";"Dresden Trachauer Straﬂe";"21702";"20601";"TRAM";"9";"1.369.908";"5.107.718";"1.370.812";"5.107.892"
"7:49 (28140)";"7:50 (28200)";"Dresden Trachauer Straﬂe";"Dresden Mickten";"20601";"20503";"TRAM";"9";"1.370.812";"5.107.892";"1.371.391";"5.108.038"
"7:58 (28680)";"7:59 (28740)";"Dresden Mickten";"Dresden Alttrachau";"20502";"20901";"TRAM";"4";"1.371.391";"5.108.038";"1.370.900";"5.108.434"
"7:59 (28740)";"8:00 (28800)";"Dresden Alttrachau";"Dresden Rankestraﬂe";"20901";"21001";"TRAM";"4";"1.370.900";"5.108.434";"1.370.481";"5.108.586"
"8:00 (28800)";"8:02 (28920)";"Dresden Rankestraﬂe";"Dresden Geblerstraﬂe";"21001";"21202";"TRAM";"4";"1.370.481";"5.108.586";"1.370.257";"5.109.022"
"8:02 (28920)";"8:03 (28980)";"Dresden Geblerstraﬂe";"Dresden Am Trachauer Bahnhof";"21201";"21101";"TRAM";"4";"1.370.257";"5.109.022";"1.370.342";"5.108.858"
"8:03 (28980)";"8:04 (29040)";"Dresden Am Trachauer Bahnhof";"Dresden Rankestraﬂe";"21101";"21001";"TRAM";"4";"1.370.342";"5.108.858";"1.370.481";"5.108.586"
"8:04 (29040)";"8:05 (29100)";"Dresden Rankestraﬂe";"Dresden Alttrachau";"21001";"20901";"TRAM";"4";"1.370.481";"5.108.586";"1.370.900";"5.108.434"
"8:05 (29100)";"8:07 (29220)";"Dresden Alttrachau";"Dresden Mickten";"20901";"20502";"TRAM";"4";"1.370.900";"5.108.434";"1.371.391";"5.108.038"
"8:07 (29220)";"8:08 (29280)";"Dresden Mickten";"Dresden Altpieschen";"20502";"20001";"TRAM";"4";"1.371.391";"5.108.038";"1.371.712";"5.107.738"
"8:08 (29280)";"8:09 (29340)";"Dresden Altpieschen";"Dresden Oschatzer Straﬂe";"20001";"20301";"TRAM";"4";"1.371.712";"5.107.738";"1.372.307";"5.107.451"
"8:09 (29340)";"8:10 (29400)";"Dresden Oschatzer Straﬂe";"Dresden Alexander-Puschkin-Pl";"20301";"20201";"TRAM";"4";"1.372.307";"5.107.451";"1.372.857";"5.107.087"
"8:10 (29400)";"8:11 (29460)";"Dresden Alexander-Puschkin-Pl";"Dresden Alter Schlachthof";"20201";"20101";"TRAM";"4";"1.372.857";"5.107.087";"1.373.164";"5.106.792"
"8:11 (29460)";"8:14 (29640)";"Dresden Alter Schlachthof";"Dresden Anton-/Leipziger Str.";"20101";"01703";"TRAM";"4";"1.373.164";"5.106.792";"1.373.700";"5.106.309"
"8:14 (29640)";"8:15 (29700)";"Dresden Anton-/Leipziger Str.";"Dresden Palaisplatz";"01703";"01801";"TRAM";"4";"1.373.700";"5.106.309";"1.373.840";"5.106.020"
"8:15 (29700)";"8:16 (29760)";"Dresden Palaisplatz";"Dresden Neust‰dter Markt";"01801";"01901";"TRAM";"4";"1.373.840";"5.106.020";"1.374.128";"5.105.782"
"8:16 (29760)";"8:18 (29880)";"Dresden Neust‰dter Markt";"Dresden Theaterplatz";"01901";"02001";"TRAM";"4";"1.374.128";"5.105.782";"1.373.658";"5.105.358"
"8:18 (29880)";"8:20 (30000)";"Dresden Theaterplatz";"Dresden Postplatz";"02001";"03701";"TRAM";"4";"1.373.658";"5.105.358";"1.373.359";"5.105.085"
"8:20 (30000)";"8:21 (30060)";"Dresden Postplatz";"Dresden Altmarkt";"03701";"00401";"TRAM";"4";"1.373.359";"5.105.085";"1.373.850";"5.105.024"
"8:21 (30060)";"8:23 (30180)";"Dresden Altmarkt";"Dresden Pirnaischer Platz";"00401";"00501";"TRAM";"4";"1.373.850";"5.105.024";"1.374.397";"5.104.948"
"8:23 (30180)";"8:24 (30240)";"Dresden Pirnaischer Platz";"DD Deutsches Hygiene-Museum";"00501";"00601";"TRAM";"4";"1.374.397";"5.104.948";"1.375.067";"5.104.751"
"8:24 (30240)";"8:26 (30360)";"DD Deutsches Hygiene-Museum";"Dresden Straﬂburger Platz";"00601";"00701";"TRAM";"4";"1.375.067";"5.104.751";"1.375.499";"5.104.611"
"8:26 (30360)";"8:28 (30480)";"Dresden Straﬂburger Platz";"Dresden Krhs. St. Joseph-Stift";"00701";"06101";"TRAM";"4";"1.375.499";"5.104.611";"1.376.298";"5.104.676"
"8:28 (30480)";"8:29 (30540)";"Dresden Krhs. St. Joseph-Stift";"Dresden Fetscherplatz";"06101";"06201";"TRAM";"4";"1.376.298";"5.104.676";"1.377.085";"5.104.635"
"8:29 (30540)";"8:31 (30660)";"Dresden Fetscherplatz";"Dresden Mosenstraﬂe";"06201";"06301";"TRAM";"4";"1.377.085";"5.104.635";"1.377.778";"5.104.483"
"8:31 (30660)";"8:32 (30720)";"Dresden Mosenstraﬂe";"Dresden Spenerstraﬂe";"06301";"82401";"TRAM";"4";"1.377.778";"5.104.483";"1.378.223";"5.104.368"
"8:32 (30720)";"8:33 (30780)";"Dresden Spenerstraﬂe";"Dresden Bergmannstraﬂe";"82401";"06401";"TRAM";"4";"1.378.223";"5.104.368";"1.378.835";"5.104.330"
"8:33 (30780)";"8:35 (30900)";"Dresden Bergmannstraﬂe";"Dresden Pohlandplatz";"06401";"06503";"TRAM";"4";"1.378.835";"5.104.330";"1.379.533";"5.104.287"
"8:35 (30900)";"8:36 (30960)";"Dresden Pohlandplatz";"Dresden Gottleubaer Straﬂe";"06503";"06601";"TRAM";"4";"1.379.533";"5.104.287";"1.380.094";"5.104.118"
"8:36 (30960)";"8:37 (31020)";"Dresden Gottleubaer Straﬂe";"Dresden Altenberger Straﬂe";"06601";"06702";"TRAM";"4";"1.380.094";"5.104.118";"1.380.587";"5.103.949"
"8:37 (31020)";"8:39 (31140)";"Dresden Altenberger Straﬂe";"Dresden Ludwig-Hartmann-Straﬂe";"06702";"06802";"TRAM";"4";"1.380.587";"5.103.949";"1.380.869";"5.103.804"
"8:39 (31140)";"8:40 (31200)";"Dresden Ludwig-Hartmann-Straﬂe";"Dresden Johannisfriedhof";"06802";"06901";"TRAM";"4";"1.380.869";"5.103.804";"1.381.592";"5.103.588"
"8:40 (31200)";"8:41 (31260)";"Dresden Johannisfriedhof";"Dresden Tolkewitz Urnenhain";"06901";"07001";"TRAM";"4";"1.381.592";"5.103.588";"1.381.794";"5.103.531"
"8:41 (31260)";"8:42 (31320)";"Dresden Tolkewitz Urnenhain";"Dresden Wasserwerk Tolkewitz";"07001";"07101";"TRAM";"4";"1.381.794";"5.103.531";"1.382.313";"5.103.400"
"8:42 (31320)";"8:44 (31440)";"Dresden Wasserwerk Tolkewitz";"Dresden Alttolkewitz";"07101";"07201";"TRAM";"4";"1.382.313";"5.103.400";"1.383.238";"5.102.972"
"8:44 (31440)";"8:45 (31500)";"Dresden Alttolkewitz";"Dresden Hermann-Seidel-Straﬂe";"07201";"07301";"TRAM";"4";"1.383.238";"5.102.972";"1.383.465";"5.102.782"
"8:45 (31500)";"8:46 (31560)";"Dresden Hermann-Seidel-Straﬂe";"Dresden Leubener Straﬂe";"07301";"07401";"TRAM";"4";"1.383.465";"5.102.782";"1.383.741";"5.102.481"
"8:46 (31560)";"8:47 (31620)";"Dresden Leubener Straﬂe";"Dresden Kronst‰dter Platz";"07401";"07501";"TRAM";"4";"1.383.741";"5.102.481";"1.383.865";"5.102.287"
"8:48 (31680)";"8:49 (31740)";"Dresden Kronst‰dter Platz";"Dresden Leubener Straﬂe";"07501";"07401";"TRAM";"4";"1.383.865";"5.102.287";"1.383.741";"5.102.481"
"9:00 (32400)";"9:01 (32460)";"Dresden Leubener Straﬂe";"Dresden Laibacher Straﬂe";"07402";"07601";"TRAM";"6";"1.383.741";"5.102.481";"1.383.354";"5.102.167"
"9:01 (32460)";"9:02 (32520)";"Dresden Laibacher Straﬂe";"Dresden Groﬂglocknerstraﬂe";"07601";"07701";"TRAM";"6";"1.383.354";"5.102.167";"1.383.015";"5.101.742"
"9:02 (32520)";"9:03 (32580)";"Dresden Groﬂglocknerstraﬂe";"Dresden Friedhof Leuben";"07701";"07801";"TRAM";"6";"1.383.015";"5.101.742";"1.382.416";"5.101.327"
"9:03 (32580)";"9:05 (32700)";"Dresden Friedhof Leuben";"Dresden Altleuben";"07801";"09301";"TRAM";"6";"1.382.416";"5.101.327";"1.382.596";"5.101.202"
"9:05 (32700)";"9:06 (32760)";"Dresden Altleuben";"Dresden Berthold-Haupt-Straﬂe";"09301";"09402";"TRAM";"6";"1.382.596";"5.101.202";"1.383.091";"5.100.997"
"9:06 (32760)";"9:07 (32820)";"Dresden Berthold-Haupt-Straﬂe";"Dresden Guerickestraﬂe";"09402";"09601";"TRAM";"6";"1.383.091";"5.100.997";"1.382.696";"5.100.535"
"9:07 (32820)";"9:08 (32880)";"Dresden Guerickestraﬂe";"Dresden Straﬂe des 17. Juni";"09601";"09701";"TRAM";"6";"1.382.696";"5.100.535";"1.382.596";"5.100.297"
"9:08 (32880)";"9:09 (32940)";"Dresden Straﬂe des 17. Juni";"Dresden Fˆrsterlingstraﬂe";"09701";"10301";"TRAM";"6";"1.382.596";"5.100.297";"1.382.971";"5.100.067"
"9:09 (32940)";"9:10 (33000)";"Dresden Fˆrsterlingstraﬂe";"Dresden Bf Niedersedlitz";"10301";"09802";"TRAM";"6";"1.382.971";"5.100.067";"1.382.871";"5.099.936"
"9:19 (33540)";"9:20 (33600)";"Dresden Bf Niedersedlitz";"Dresden Fˆrsterlingstraﬂe";"09802";"10301";"TRAM";"6";"1.382.871";"5.099.936";"1.382.971";"5.100.067"
"9:20 (33600)";"9:21 (33660)";"Dresden Fˆrsterlingstraﬂe";"Dresden Straﬂe des 17. Juni";"10301";"09701";"TRAM";"6";"1.382.971";"5.100.067";"1.382.596";"5.100.297"
"9:21 (33660)";"9:22 (33720)";"Dresden Straﬂe des 17. Juni";"Dresden Guerickestraﬂe";"09701";"09601";"TRAM";"6";"1.382.596";"5.100.297";"1.382.696";"5.100.535"
"9:22 (33720)";"9:24 (33840)";"Dresden Guerickestraﬂe";"Dresden Berthold-Haupt-Straﬂe";"09601";"09402";"TRAM";"6";"1.382.696";"5.100.535";"1.383.091";"5.100.997"
"9:32 (34320)";"9:33 (34380)";"Dresden Berthold-Haupt-Straﬂe";"Dresden Heckenweg";"09402";"09901";"TRAM";"2";"1.383.091";"5.100.997";"1.384.055";"5.100.867"
"9:33 (34380)";"9:35 (34500)";"Dresden Heckenweg";"Dresden Meuﬂlitzer Straﬂe";"09901";"10001";"TRAM";"2";"1.384.055";"5.100.867";"1.384.893";"5.100.804"
"9:35 (34500)";"9:36 (34560)";"Dresden Meuﬂlitzer Straﬂe";"Dresden Freystraﬂe";"10001";"10101";"TRAM";"2";"1.384.893";"5.100.804";"1.385.478";"5.100.820"
"9:37 (34620)";"9:38 (34680)";"Dresden Freystraﬂe";"Dresden Meuﬂlitzer Straﬂe";"10101";"10001";"TRAM";"2";"1.385.478";"5.100.820";"1.384.893";"5.100.804"
"9:38 (34680)";"9:39 (34740)";"Dresden Meuﬂlitzer Straﬂe";"Dresden Heckenweg";"10001";"09901";"TRAM";"2";"1.384.893";"5.100.804";"1.384.055";"5.100.867"
"9:39 (34740)";"9:41 (34860)";"Dresden Heckenweg";"Dresden Berthold-Haupt-Straﬂe";"09901";"09402";"TRAM";"2";"1.384.055";"5.100.867";"1.383.091";"5.100.997"
"9:41 (34860)";"9:42 (34920)";"Dresden Berthold-Haupt-Straﬂe";"Dresden Altleuben";"09402";"09301";"TRAM";"2";"1.383.091";"5.100.997";"1.382.596";"5.101.202"
"9:42 (34920)";"9:43 (34980)";"Dresden Altleuben";"Dresden Rottwerndorfer Straﬂe";"09301";"09201";"TRAM";"2";"1.382.596";"5.101.202";"1.382.116";"5.101.355"
"9:43 (34980)";"9:45 (35100)";"Dresden Rottwerndorfer Straﬂe";"Dresden Abzweig nach Reick";"09201";"09101";"TRAM";"2";"1.382.116";"5.101.355";"1.381.618";"5.101.624"
"9:45 (35100)";"9:46 (35160)";"Dresden Abzweig nach Reick";"Dresden Lassallestraﬂe";"09101";"09001";"TRAM";"2";"1.381.618";"5.101.624";"1.381.190";"5.102.017"
"9:46 (35160)";"9:47 (35220)";"Dresden Lassallestraﬂe";"Dresden Prof.-Ricker-Straﬂe";"09001";"08901";"TRAM";"2";"1.381.190";"5.102.017";"1.380.892";"5.102.338"
"9:47 (35220)";"9:48 (35280)";"Dresden Prof.-Ricker-Straﬂe";"Dresden Marienberger Straﬂe";"08901";"08801";"TRAM";"2";"1.380.892";"5.102.338";"1.380.537";"5.102.552"
"9:48 (35280)";"9:49 (35340)";"Dresden Marienberger Straﬂe";"Dresden Rennplatzstraﬂe";"08801";"08701";"TRAM";"2";"1.380.537";"5.102.552";"1.380.042";"5.102.733"
"9:49 (35340)";"9:50 (35400)";"Dresden Rennplatzstraﬂe";"Dresden Rauensteinstraﬂe";"08701";"08601";"TRAM";"2";"1.380.042";"5.102.733";"1.379.520";"5.102.839"
"9:50 (35400)";"9:51 (35460)";"Dresden Rauensteinstraﬂe";"Dresden Liebst‰dter Straﬂe";"08601";"08501";"TRAM";"2";"1.379.520";"5.102.839";"1.378.929";"5.103.023"
"9:51 (35460)";"9:53 (35580)";"Dresden Liebst‰dter Straﬂe";"Dresden Zwinglistraﬂe";"08501";"08401";"TRAM";"2";"1.378.929";"5.103.023";"1.378.346";"5.103.406"
"9:53 (35580)";"9:55 (35700)";"Dresden Zwinglistraﬂe";"Dresden Karcherallee";"08401";"08301";"TRAM";"2";"1.378.346";"5.103.406";"1.377.810";"5.103.706"
"9:55 (35700)";"9:56 (35760)";"Dresden Karcherallee";"Dresden Lipsiusstraﬂe";"08301";"08201";"TRAM";"2";"1.377.810";"5.103.706";"1.377.141";"5.103.974"
"9:56 (35760)";"9:58 (35880)";"Dresden Lipsiusstraﬂe";"Dresden Comeniusplatz";"08201";"08101";"TRAM";"2";"1.377.141";"5.103.974";"1.376.647";"5.104.167"
"9:58 (35880)";"10:00 (36000)";"Dresden Comeniusplatz";"Dresden Straﬂburger Platz";"08101";"00704";"TRAM";"2";"1.376.647";"5.104.167";"1.375.499";"5.104.611"
"10:03 (36180)";"10:05 (36300)";"Dresden Straﬂburger Platz";"Dresden Groﬂer Garten";"00705";"00801";"TRAM";"13";"1.375.499";"5.104.611";"1.375.133";"5.104.257"
"10:05 (36300)";"10:08 (36480)";"Dresden Groﬂer Garten";"Dresden LennÈplatz";"00801";"11101";"TRAM";"13";"1.375.133";"5.104.257";"1.374.661";"5.103.838"
"10:08 (36480)";"10:09 (36540)";"Dresden LennÈplatz";"Dresden Zoo";"11101";"11201";"TRAM";"13";"1.374.661";"5.103.838";"1.375.217";"5.103.694"
"10:09 (36540)";"10:10 (36600)";"Dresden Zoo";"Dresden Querallee";"11201";"11301";"TRAM";"13";"1.375.217";"5.103.694";"1.375.832";"5.103.451"
"10:10 (36600)";"10:11 (36660)";"Dresden Querallee";"Dresden Julius-Otto-Straﬂe";"11301";"11401";"TRAM";"13";"1.375.832";"5.103.451";"1.375.765";"5.103.255"
"10:11 (36660)";"10:13 (36780)";"Dresden Julius-Otto-Straﬂe";"Dresden Wasaplatz";"11401";"11501";"TRAM";"13";"1.375.765";"5.103.255";"1.375.918";"5.102.812"
"10:13 (36780)";"10:14 (36840)";"Dresden Wasaplatz";"Dresden Mockritzer Straﬂe";"11501";"11601";"TRAM";"13";"1.375.918";"5.102.812";"1.376.228";"5.102.453"
"10:14 (36840)";"10:15 (36900)";"Dresden Mockritzer Straﬂe";"Dresden Hugo-B¸rkner-Straﬂe";"11601";"11701";"TRAM";"13";"1.376.228";"5.102.453";"1.376.544";"5.102.243"
"10:15 (36900)";"10:16 (36960)";"Dresden Hugo-B¸rkner-Straﬂe";"Dresden C‰cilienstraﬂe";"11701";"11801";"TRAM";"13";"1.376.544";"5.102.243";"1.376.994";"5.102.497"
"10:16 (36960)";"10:17 (37020)";"Dresden C‰cilienstraﬂe";"Dresden Eugen-Bracht-Straﬂe";"11801";"11901";"TRAM";"13";"1.376.994";"5.102.497";"1.377.431";"5.102.271"
"10:17 (37020)";"10:18 (37080)";"Dresden Eugen-Bracht-Straﬂe";"Dresden Otto-Dix-Ring";"11901";"12001";"TRAM";"13";"1.377.431";"5.102.271";"1.378.055";"5.101.946"
"10:18 (37080)";"10:19 (37140)";"Dresden Otto-Dix-Ring";"Dresden Wieckestraﬂe";"12001";"12101";"TRAM";"13";"1.378.055";"5.101.946";"1.378.383";"5.101.762"
"10:19 (37140)";"10:20 (37200)";"Dresden Wieckestraﬂe";"Dresden Lohrmannstraﬂe";"12101";"12203";"TRAM";"13";"1.378.383";"5.101.762";"1.378.693";"5.101.583"
"10:20 (37200)";"10:21 (37260)";"Dresden Lohrmannstraﬂe";"Dresden H¸lﬂestraﬂe";"12203";"12301";"TRAM";"13";"1.378.693";"5.101.583";"1.379.081";"5.101.353"
"10:21 (37260)";"10:23 (37380)";"Dresden H¸lﬂestraﬂe";"Dresden Altreick";"12301";"12401";"TRAM";"13";"1.379.081";"5.101.353";"1.379.512";"5.101.304"
"10:23 (37380)";"10:25 (37500)";"Dresden Altreick";"Dresden Trattendorfer Straﬂe";"12401";"12701";"TRAM";"13";"1.379.512";"5.101.304";"1.380.081";"5.101.013"
"10:25 (37500)";"10:26 (37560)";"Dresden Trattendorfer Straﬂe";"Dresden Albert-Wolf-Platz";"12701";"32101";"TRAM";"13";"1.380.081";"5.101.013";"1.380.332";"5.100.836"
"10:26 (37560)";"10:27 (37620)";"Dresden Albert-Wolf-Platz";"Dresden Jacob-Winter-Platz";"32101";"32201";"TRAM";"13";"1.380.332";"5.100.836";"1.379.904";"5.100.524"
"10:27 (37620)";"10:28 (37680)";"Dresden Jacob-Winter-Platz";"Dresden Georg-Palitzsch-Straﬂe";"32201";"32301";"TRAM";"13";"1.379.904";"5.100.524";"1.379.786";"5.100.212"
"10:28 (37680)";"10:29 (37740)";"Dresden Georg-Palitzsch-Straﬂe";"Dresden Prohlis Gleisschleife";"32301";"79102";"TRAM";"13";"1.379.786";"5.100.212";"1.379.938";"5.099.938"
"10:37 (38220)";"10:38 (38280)";"Dresden Prohlis Gleisschleife";"Dresden Georg-Palitzsch-Straﬂe";"79102";"32301";"TRAM";"13";"1.379.938";"5.099.938";"1.379.786";"5.100.212"
"10:38 (38280)";"10:39 (38340)";"Dresden Georg-Palitzsch-Straﬂe";"Dresden Jacob-Winter-Platz";"32301";"32201";"TRAM";"13";"1.379.786";"5.100.212";"1.379.904";"5.100.524"
"10:39 (38340)";"10:41 (38460)";"Dresden Jacob-Winter-Platz";"Dresden Albert-Wolf-Platz";"32201";"32101";"TRAM";"13";"1.379.904";"5.100.524";"1.380.332";"5.100.836"
"10:46 (38760)";"10:47 (38820)";"Dresden Albert-Wolf-Platz";"Dresden M¸gelner Straﬂe";"32101";"12502";"TRAM";"1";"1.380.332";"5.100.836";"1.380.641";"5.101.089"
"10:47 (38820)";"10:48 (38880)";"Dresden M¸gelner Straﬂe";"Dresden Hp Dobritz";"12502";"91902";"TRAM";"1";"1.380.641";"5.101.089";"1.380.827";"5.101.144"
"10:48 (38880)";"10:49 (38940)";"Dresden Hp Dobritz";"Dresden Breitscheidstraﬂe";"91902";"12601";"TRAM";"1";"1.380.827";"5.101.144";"1.381.149";"5.101.375"
"10:49 (38940)";"10:51 (39060)";"Dresden Breitscheidstraﬂe";"Dresden Abzweig nach Reick";"12601";"09101";"TRAM";"1";"1.381.149";"5.101.375";"1.381.618";"5.101.624"
"10:51 (39060)";"10:52 (39120)";"Dresden Abzweig nach Reick";"Dresden Lassallestraﬂe";"09101";"09001";"TRAM";"1";"1.381.618";"5.101.624";"1.381.190";"5.102.017"
"10:52 (39120)";"10:53 (39180)";"Dresden Lassallestraﬂe";"Dresden Prof.-Ricker-Straﬂe";"09001";"08901";"TRAM";"1";"1.381.190";"5.102.017";"1.380.892";"5.102.338"
"10:53 (39180)";"10:54 (39240)";"Dresden Prof.-Ricker-Straﬂe";"Dresden Marienberger Straﬂe";"08901";"08801";"TRAM";"1";"1.380.892";"5.102.338";"1.380.537";"5.102.552"
"10:54 (39240)";"10:55 (39300)";"Dresden Marienberger Straﬂe";"Dresden Rennplatzstraﬂe";"08801";"08701";"TRAM";"1";"1.380.537";"5.102.552";"1.380.042";"5.102.733"
"10:55 (39300)";"10:56 (39360)";"Dresden Rennplatzstraﬂe";"Dresden Rauensteinstraﬂe";"08701";"08601";"TRAM";"1";"1.380.042";"5.102.733";"1.379.520";"5.102.839"
"10:56 (39360)";"10:57 (39420)";"Dresden Rauensteinstraﬂe";"Dresden Liebst‰dter Straﬂe";"08601";"08501";"TRAM";"1";"1.379.520";"5.102.839";"1.378.929";"5.103.023"
"10:57 (39420)";"10:59 (39540)";"Dresden Liebst‰dter Straﬂe";"Dresden Zwinglistraﬂe";"08501";"08401";"TRAM";"1";"1.378.929";"5.103.023";"1.378.346";"5.103.406"
"10:59 (39540)";"11:01 (39660)";"Dresden Zwinglistraﬂe";"Dresden Karcherallee";"08401";"08301";"TRAM";"1";"1.378.346";"5.103.406";"1.377.810";"5.103.706"
"11:01 (39660)";"11:02 (39720)";"Dresden Karcherallee";"Dresden Lipsiusstraﬂe";"08301";"08201";"TRAM";"1";"1.377.810";"5.103.706";"1.377.141";"5.103.974"
"11:02 (39720)";"11:04 (39840)";"Dresden Lipsiusstraﬂe";"Dresden Comeniusplatz";"08201";"08101";"TRAM";"1";"1.377.141";"5.103.974";"1.376.647";"5.104.167"
"11:04 (39840)";"11:06 (39960)";"Dresden Comeniusplatz";"Dresden Straﬂburger Platz";"08101";"00704";"TRAM";"1";"1.376.647";"5.104.167";"1.375.499";"5.104.611"
"11:11 (40260)";"11:12 (40320)";"Dresden Straﬂburger Platz";"Dresden St.-Benno-Gymnasium";"00706";"08001";"TRAM";"13";"1.375.499";"5.104.611";"1.375.718";"5.104.975"
"11:12 (40320)";"11:13 (40380)";"Dresden St.-Benno-Gymnasium";"Dresden D¸rerstraﬂe";"08001";"00901";"TRAM";"13";"1.375.718";"5.104.975";"1.375.805";"5.105.211"
"11:13 (40380)";"11:15 (40500)";"Dresden D¸rerstraﬂe";"Dresden Sachsenallee";"00901";"01001";"TRAM";"13";"1.375.805";"5.105.211";"1.375.739";"5.105.461"
"11:15 (40500)";"11:17 (40620)";"Dresden Sachsenallee";"Dresden Rosa-Luxemburg-Platz";"01001";"01101";"TRAM";"13";"1.375.739";"5.105.461";"1.375.292";"5.105.932"
"11:17 (40620)";"11:19 (40740)";"Dresden Rosa-Luxemburg-Platz";"DD Bautzner/Rothenburger Str.";"01101";"01203";"TRAM";"13";"1.375.292";"5.105.932";"1.375.190";"5.106.298"
"11:19 (40740)";"11:20 (40800)";"DD Bautzner/Rothenburger Str.";"Dresden Gˆrlitzer Straﬂe";"01203";"26401";"TRAM";"13";"1.375.190";"5.106.298";"1.375.370";"5.106.610"
"11:20 (40800)";"11:22 (40920)";"Dresden Gˆrlitzer Straﬂe";"Dresden Alaunplatz";"26401";"26301";"TRAM";"13";"1.375.370";"5.106.610";"1.375.550";"5.106.992"
"11:22 (40920)";"11:24 (41040)";"Dresden Alaunplatz";"Dresden Bischofsweg";"26301";"26201";"TRAM";"13";"1.375.550";"5.106.992";"1.375.074";"5.107.142"
"11:24 (41040)";"11:26 (41160)";"Dresden Bischofsweg";"Dresden Bischofsplatz";"26201";"24701";"TRAM";"13";"1.375.074";"5.107.142";"1.374.687";"5.107.196"
"11:26 (41160)";"11:27 (41220)";"Dresden Bischofsplatz";"Dresden Friedensstraﬂe";"24701";"24601";"TRAM";"13";"1.374.687";"5.107.196";"1.374.088";"5.107.343"
"11:27 (41220)";"11:30 (41400)";"Dresden Friedensstraﬂe";"Dresden Liststraﬂe";"24601";"24301";"TRAM";"13";"1.374.088";"5.107.343";"1.373.301";"5.107.662"
"11:36 (41760)";"11:38 (41880)";"Dresden Liststraﬂe";"Dresden Zeithainer Straﬂe";"24301";"24801";"TRAM";"3";"1.373.301";"5.107.662";"1.373.039";"5.108.216"
"11:38 (41880)";"11:39 (41940)";"Dresden Zeithainer Straﬂe";"Dresden Trachenberger Platz";"24801";"24902";"TRAM";"3";"1.373.039";"5.108.216";"1.372.780";"5.108.463"
"11:43 (42180)";"11:45 (42300)";"Dresden Trachenberger Platz";"Dresden Hubertusplatz";"24902";"25101";"TRAM";"3";"1.372.780";"5.108.463";"1.372.332";"5.108.963"
"11:45 (42300)";"11:46 (42360)";"Dresden Hubertusplatz";"Dresden Dorothea-Erxleben-Str";"25101";"25201";"TRAM";"3";"1.372.332";"5.108.963";"1.372.063";"5.109.293"
"11:46 (42360)";"11:48 (42480)";"Dresden Dorothea-Erxleben-Str";"Dresden Wilder Mann";"25201";"25302";"TRAM";"3";"1.372.063";"5.109.293";"1.371.925";"5.109.577"
"11:54 (42840)";"11:55 (42900)";"Dresden Wilder Mann";"Dresden Dorothea-Erxleben-Str";"25302";"25201";"TRAM";"3";"1.371.925";"5.109.577";"1.372.063";"5.109.293"
"11:55 (42900)";"11:56 (42960)";"Dresden Dorothea-Erxleben-Str";"Dresden Hubertusplatz";"25201";"25101";"TRAM";"3";"1.372.063";"5.109.293";"1.372.332";"5.108.963"
"11:56 (42960)";"11:58 (43080)";"Dresden Hubertusplatz";"Dresden Trachenberger Platz";"25101";"24901";"TRAM";"3";"1.372.332";"5.108.963";"1.372.780";"5.108.463"
"11:58 (43080)";"11:59 (43140)";"Dresden Trachenberger Platz";"Dresden Zeithainer Straﬂe";"24901";"24801";"TRAM";"3";"1.372.780";"5.108.463";"1.373.039";"5.108.216"
"11:59 (43140)";"12:01 (43260)";"Dresden Zeithainer Straﬂe";"Dresden Liststraﬂe";"24801";"24301";"TRAM";"3";"1.373.039";"5.108.216";"1.373.301";"5.107.662"
"12:01 (43260)";"12:02 (43320)";"Dresden Liststraﬂe";"Dresden Groﬂenhainer Platz";"24301";"24201";"TRAM";"3";"1.373.301";"5.107.662";"1.373.576";"5.107.274"
"12:02 (43320)";"12:03 (43380)";"Dresden Groﬂenhainer Platz";"Dresden Lˆﬂnitzstraﬂe";"24201";"24101";"TRAM";"3";"1.373.576";"5.107.274";"1.373.820";"5.106.942"
"12:03 (43380)";"12:04 (43440)";"Dresden Lˆﬂnitzstraﬂe";"Dresden Bf Neustadt (Hansastr)";"24101";"19801";"TRAM";"3";"1.373.820";"5.106.942";"1.373.912";"5.106.638"
"12:04 (43440)";"12:06 (43560)";"Dresden Bf Neustadt (Hansastr)";"Dresden Bahnhof Neustadt";"19801";"01606";"TRAM";"3";"1.373.912";"5.106.638";"1.374.088";"5.106.543"
"12:11 (43860)";"12:12 (43920)";"Dresden Bahnhof Neustadt";"Dresden Anton-/Leipziger Str.";"01606";"01701";"TRAM";"11";"1.374.088";"5.106.543";"1.373.700";"5.106.309"
"12:12 (43920)";"12:14 (44040)";"Dresden Anton-/Leipziger Str.";"DD Kongresszentrum/H d Presse";"01701";"02101";"TRAM";"11";"1.373.700";"5.106.309";"1.372.808";"5.105.850"
"12:14 (44040)";"12:15 (44100)";"DD Kongresszentrum/H d Presse";"Dresden Am Zwingerteich";"02101";"03501";"TRAM";"11";"1.372.808";"5.105.850";"1.373.021";"5.105.467"
"12:15 (44100)";"12:17 (44220)";"Dresden Am Zwingerteich";"Dresden Postplatz";"03501";"03702";"TRAM";"11";"1.373.021";"5.105.467";"1.373.359";"5.105.085"
"12:22 (44520)";"12:24 (44640)";"Dresden Postplatz";"Dresden Alfred-Althus-Straﬂe";"03702";"02601";"TRAM";"12";"1.373.359";"5.105.085";"1.372.621";"5.105.051"
"12:24 (44640)";"12:25 (44700)";"Dresden Alfred-Althus-Straﬂe";"Dresden Hp Freiberger Straﬂe";"02601";"02501";"TRAM";"12";"1.372.621";"5.105.051";"1.372.012";"5.104.861"
"12:25 (44700)";"12:26 (44760)";"Dresden Hp Freiberger Straﬂe";"Dresden Rosenstraﬂe";"02501";"14101";"TRAM";"12";"1.372.012";"5.104.861";"1.371.328";"5.104.666"
"12:26 (44760)";"12:27 (44820)";"Dresden Rosenstraﬂe";"Dresden Oederaner Straﬂe";"14101";"14201";"TRAM";"12";"1.371.328";"5.104.666";"1.370.962";"5.104.489"
"12:27 (44820)";"12:28 (44880)";"Dresden Oederaner Straﬂe";"Dresden Saxoniastraﬂe";"14201";"14301";"TRAM";"12";"1.370.962";"5.104.489";"1.370.627";"5.104.374"
"12:28 (44880)";"12:29 (44940)";"Dresden Saxoniastraﬂe";"Dresden Tharandter Straﬂe";"14301";"14401";"TRAM";"12";"1.370.627";"5.104.374";"1.370.347";"5.104.373"
"12:29 (44940)";"12:30 (45000)";"Dresden Tharandter Straﬂe";"Dresden B¸naustraﬂe";"14401";"14501";"TRAM";"12";"1.370.347";"5.104.373";"1.369.866";"5.104.358"
"12:30 (45000)";"12:32 (45120)";"Dresden B¸naustraﬂe";"Dresden Conertplatz";"14501";"17401";"TRAM";"12";"1.369.866";"5.104.358";"1.369.316";"5.104.598"
"12:32 (45120)";"12:33 (45180)";"Dresden Conertplatz";"Dresden Pennricher Straﬂe";"17401";"17301";"TRAM";"12";"1.369.316";"5.104.598";"1.369.209";"5.104.907"
"12:33 (45180)";"12:35 (45300)";"Dresden Pennricher Straﬂe";"Dresden Birkenhainer Straﬂe";"17301";"17501";"TRAM";"12";"1.369.209";"5.104.907";"1.369.094";"5.105.306"
"12:35 (45300)";"12:37 (45420)";"Dresden Birkenhainer Straﬂe";"Dresden Altcotta";"17501";"17601";"TRAM";"12";"1.369.094";"5.105.306";"1.368.706";"5.105.694"
"12:37 (45420)";"12:38 (45480)";"Dresden Altcotta";"Dresden Ockerwitzer Straﬂe";"17601";"17702";"TRAM";"12";"1.368.706";"5.105.694";"1.368.430";"5.105.876"
"12:38 (45480)";"12:40 (45600)";"Dresden Ockerwitzer Straﬂe";"DD Cossebauder Str (Hp Cotta)";"17702";"18901";"TRAM";"12";"1.368.430";"5.105.876";"1.368.085";"5.106.178"
"12:40 (45600)";"12:41 (45660)";"DD Cossebauder Str (Hp Cotta)";"Dresden Gottfried-Keller-Str.";"18901";"19001";"TRAM";"12";"1.368.085";"5.106.178";"1.367.773";"5.106.100"
"12:41 (45660)";"12:43 (45780)";"Dresden Gottfried-Keller-Str.";"Dresden Leutewitz";"19001";"19101";"TRAM";"12";"1.367.773";"5.106.100";"1.367.047";"5.105.943"
"12:43 (45780)";"12:45 (45900)";"Dresden Leutewitz";"Dresden Gottfried-Keller-Str.";"19101";"19001";"TRAM";"12";"1.367.047";"5.105.943";"1.367.773";"5.106.100"
"12:45 (45900)";"12:46 (45960)";"Dresden Gottfried-Keller-Str.";"DD Cossebauder Str (Hp Cotta)";"19001";"18901";"TRAM";"12";"1.367.773";"5.106.100";"1.368.085";"5.106.178"
"12:49 (46140)";"12:51 (46260)";"DD Cossebauder Str (Hp Cotta)";"Dresden Fl¸gelweg";"18901";"18801";"TRAM";"1";"1.368.085";"5.106.178";"1.369.036";"5.106.155"
"12:51 (46260)";"12:52 (46320)";"Dresden Fl¸gelweg";"Dresden Bremer Straﬂe";"18801";"18701";"TRAM";"1";"1.369.036";"5.106.155";"1.369.484";"5.106.065"
"12:52 (46320)";"12:53 (46380)";"Dresden Bremer Straﬂe";"Dresden Hamburger Straﬂe";"18701";"18601";"TRAM";"1";"1.369.484";"5.106.065";"1.370.160";"5.105.923"
"12:53 (46380)";"12:54 (46440)";"Dresden Hamburger Straﬂe";"Dresden Waltherstraﬂe";"18601";"18502";"TRAM";"1";"1.370.160";"5.105.923";"1.371.006";"5.105.812"
"12:54 (46440)";"12:55 (46500)";"Dresden Waltherstraﬂe";"Dresden Manitiusstraﬂe";"18502";"18401";"TRAM";"1";"1.371.006";"5.105.812";"1.371.468";"5.105.657"
"12:55 (46500)";"12:56 (46560)";"Dresden Manitiusstraﬂe";"Dresden Sch‰ferstraﬂe";"18401";"19703";"TRAM";"1";"1.371.468";"5.105.657";"1.372.014";"5.105.476"
"12:56 (46560)";"12:58 (46680)";"Dresden Sch‰ferstraﬂe";"Dresden Bahnhof Mitte";"19703";"00102";"TRAM";"1";"1.372.014";"5.105.476";"1.372.340";"5.105.564"
"12:58 (46680)";"12:59 (46740)";"Dresden Bahnhof Mitte";"Dresden Schweriner Straﬂe";"00102";"02301";"TRAM";"1";"1.372.340";"5.105.564";"1.372.670";"5.105.276"
"12:59 (46740)";"13:02 (46920)";"Dresden Schweriner Straﬂe";"Dresden Postplatz";"02301";"03701";"TRAM";"1";"1.372.670";"5.105.276";"1.373.359";"5.105.085"
"13:02 (46920)";"13:03 (46980)";"Dresden Postplatz";"Dresden Altmarkt";"03701";"00401";"TRAM";"1";"1.373.359";"5.105.085";"1.373.850";"5.105.024"
"13:03 (46980)";"13:05 (47100)";"Dresden Altmarkt";"Dresden Pirnaischer Platz";"00401";"00501";"TRAM";"1";"1.373.850";"5.105.024";"1.374.397";"5.104.948"
"13:08 (47280)";"13:09 (47340)";"Dresden Pirnaischer Platz";"Dresden Synagoge";"00502";"01501";"TRAM";"3";"1.374.397";"5.104.948";"1.374.714";"5.105.247"
"13:09 (47340)";"13:11 (47460)";"Dresden Synagoge";"Dresden Carolaplatz";"01501";"01402";"TRAM";"3";"1.374.714";"5.105.247";"1.374.596";"5.105.753"
"13:11 (47460)";"13:13 (47580)";"Dresden Carolaplatz";"Dresden Albertplatz";"01402";"01301";"TRAM";"3";"1.374.596";"5.105.753";"1.374.675";"5.106.331"
"13:13 (47580)";"13:15 (47700)";"Dresden Albertplatz";"Dresden Bahnhof Neustadt";"01301";"01606";"TRAM";"3";"1.374.675";"5.106.331";"1.374.088";"5.106.543"
"13:22 (48120)";"13:24 (48240)";"Dresden Bahnhof Neustadt";"Dresden Albertplatz";"01606";"01302";"TRAM";"11";"1.374.088";"5.106.543";"1.374.675";"5.106.331"
"13:24 (48240)";"13:25 (48300)";"Dresden Albertplatz";"DD Bautzner/Rothenburger Str.";"01302";"01202";"TRAM";"11";"1.374.675";"5.106.331";"1.375.190";"5.106.298"
"13:25 (48300)";"13:27 (48420)";"DD Bautzner/Rothenburger Str.";"Dresden Pulsnitzer Straﬂe";"01202";"29001";"TRAM";"11";"1.375.190";"5.106.298";"1.375.753";"5.106.329"
"13:27 (48420)";"13:28 (48480)";"Dresden Pulsnitzer Straﬂe";"Dresden Diakonissenkrankenhaus";"29001";"29101";"TRAM";"11";"1.375.753";"5.106.329";"1.376.244";"5.106.426"
"13:28 (48480)";"13:29 (48540)";"Dresden Diakonissenkrankenhaus";"Dresden Nordstraﬂe";"29101";"29201";"TRAM";"11";"1.376.244";"5.106.426";"1.376.937";"5.106.614"
"13:29 (48540)";"13:30 (48600)";"Dresden Nordstraﬂe";"Dresden Waldschlˆﬂchen";"29201";"29301";"TRAM";"11";"1.376.937";"5.106.614";"1.377.760";"5.106.728"
"13:30 (48600)";"13:31 (48660)";"Dresden Waldschlˆﬂchen";"Dresden Angelikastraﬂe";"29301";"29401";"TRAM";"11";"1.377.760";"5.106.728";"1.378.374";"5.106.700"
"13:31 (48660)";"13:32 (48720)";"Dresden Angelikastraﬂe";"Dresden Wilhelminenstraﬂe";"29401";"29501";"TRAM";"11";"1.378.374";"5.106.700";"1.378.958";"5.106.720"
"13:32 (48720)";"13:33 (48780)";"Dresden Wilhelminenstraﬂe";"Dresden Elbschlˆsser";"29501";"29601";"TRAM";"11";"1.378.958";"5.106.720";"1.379.777";"5.106.595"
"13:33 (48780)";"13:34 (48840)";"Dresden Elbschlˆsser";"Dresden Mordgrundbr¸cke";"29601";"29701";"TRAM";"11";"1.379.777";"5.106.595";"1.381.170";"5.106.430"
"13:34 (48840)";"13:36 (48960)";"Dresden Mordgrundbr¸cke";"Dresden Plattleite";"29701";"29801";"TRAM";"11";"1.381.170";"5.106.430";"1.382.149";"5.106.376"
"13:36 (48960)";"13:37 (49020)";"Dresden Plattleite";"Dresden Am Weiﬂen Adler";"29801";"29901";"TRAM";"11";"1.382.149";"5.106.376";"1.383.126";"5.106.188"
"13:37 (49020)";"13:38 (49080)";"Dresden Am Weiﬂen Adler";"Dresden Neub¸hlauer Straﬂe";"29901";"30002";"TRAM";"11";"1.383.126";"5.106.188";"1.383.892";"5.106.223"
"13:38 (49080)";"13:39 (49140)";"Dresden Neub¸hlauer Straﬂe";"Dresden Hegereiterstraﬂe";"30002";"30501";"TRAM";"11";"1.383.892";"5.106.223";"1.384.366";"5.106.196"
"13:39 (49140)";"13:40 (49200)";"Dresden Hegereiterstraﬂe";"Dresden Grundstraﬂe";"30501";"30101";"TRAM";"11";"1.384.366";"5.106.196";"1.384.851";"5.106.183"
"13:40 (49200)";"13:42 (49320)";"Dresden Grundstraﬂe";"Dresden B¸hlau Ullersdorfer Pl";"30101";"30201";"TRAM";"11";"1.384.851";"5.106.183";"1.385.472";"5.106.225"
"13:48 (49680)";"13:49 (49740)";"Dresden B¸hlau Ullersdorfer Pl";"Dresden Grundstraﬂe";"30201";"30101";"TRAM";"11";"1.385.472";"5.106.225";"1.384.851";"5.106.183"
"13:49 (49740)";"13:50 (49800)";"Dresden Grundstraﬂe";"Dresden Hegereiterstraﬂe";"30101";"30501";"TRAM";"11";"1.384.851";"5.106.183";"1.384.366";"5.106.196"
"13:50 (49800)";"13:51 (49860)";"Dresden Hegereiterstraﬂe";"Dresden Neub¸hlauer Straﬂe";"30501";"30002";"TRAM";"11";"1.384.366";"5.106.196";"1.383.892";"5.106.223"
"13:51 (49860)";"13:52 (49920)";"Dresden Neub¸hlauer Straﬂe";"Dresden Am Weiﬂen Adler";"30002";"29901";"TRAM";"11";"1.383.892";"5.106.223";"1.383.126";"5.106.188"
"13:52 (49920)";"13:54 (50040)";"Dresden Am Weiﬂen Adler";"Dresden Plattleite";"29901";"29801";"TRAM";"11";"1.383.126";"5.106.188";"1.382.149";"5.106.376"
"13:54 (50040)";"13:56 (50160)";"Dresden Plattleite";"Dresden Mordgrundbr¸cke";"29801";"29701";"TRAM";"11";"1.382.149";"5.106.376";"1.381.170";"5.106.430"
"13:56 (50160)";"13:57 (50220)";"Dresden Mordgrundbr¸cke";"Dresden Elbschlˆsser";"29701";"29601";"TRAM";"11";"1.381.170";"5.106.430";"1.379.777";"5.106.595"
"13:57 (50220)";"13:58 (50280)";"Dresden Elbschlˆsser";"Dresden Wilhelminenstraﬂe";"29601";"29501";"TRAM";"11";"1.379.777";"5.106.595";"1.378.958";"5.106.720"
"13:58 (50280)";"14:00 (50400)";"Dresden Wilhelminenstraﬂe";"Dresden Angelikastraﬂe";"29501";"29401";"TRAM";"11";"1.378.958";"5.106.720";"1.378.374";"5.106.700"
"14:00 (50400)";"14:01 (50460)";"Dresden Angelikastraﬂe";"Dresden Waldschlˆﬂchen";"29401";"29301";"TRAM";"11";"1.378.374";"5.106.700";"1.377.760";"5.106.728"
"14:01 (50460)";"14:03 (50580)";"Dresden Waldschlˆﬂchen";"Dresden Nordstraﬂe";"29301";"29201";"TRAM";"11";"1.377.760";"5.106.728";"1.376.937";"5.106.614"
"14:03 (50580)";"14:04 (50640)";"Dresden Nordstraﬂe";"Dresden Diakonissenkrankenhaus";"29201";"29101";"TRAM";"11";"1.376.937";"5.106.614";"1.376.244";"5.106.426"
"14:04 (50640)";"14:05 (50700)";"Dresden Diakonissenkrankenhaus";"Dresden Pulsnitzer Straﬂe";"29101";"29001";"TRAM";"11";"1.376.244";"5.106.426";"1.375.753";"5.106.329"
"14:05 (50700)";"14:06 (50760)";"Dresden Pulsnitzer Straﬂe";"DD Bautzner/Rothenburger Str.";"29001";"01202";"TRAM";"11";"1.375.753";"5.106.329";"1.375.190";"5.106.298"
"14:09 (50940)";"14:11 (51060)";"DD Bautzner/Rothenburger Str.";"Dresden Rosa-Luxemburg-Platz";"01203";"01101";"TRAM";"6";"1.375.190";"5.106.298";"1.375.292";"5.105.932"
"14:11 (51060)";"14:14 (51240)";"Dresden Rosa-Luxemburg-Platz";"Dresden Sachsenallee";"01101";"01001";"TRAM";"6";"1.375.292";"5.105.932";"1.375.739";"5.105.461"
"14:14 (51240)";"14:16 (51360)";"Dresden Sachsenallee";"Dresden Permoserstraﬂe";"01001";"04101";"TRAM";"6";"1.375.739";"5.105.461";"1.376.306";"5.105.318"
"14:16 (51360)";"14:17 (51420)";"Dresden Permoserstraﬂe";"Dresden Trinitatisplatz";"04101";"04201";"TRAM";"6";"1.376.306";"5.105.318";"1.376.979";"5.105.245"
"14:17 (51420)";"14:19 (51540)";"Dresden Trinitatisplatz";"DD Blasewitzer/Fetscherstraﬂe";"04201";"04301";"TRAM";"6";"1.376.979";"5.105.245";"1.377.771";"5.105.289"
"14:19 (51540)";"14:20 (51600)";"DD Blasewitzer/Fetscherstraﬂe";"Dresden Augsburger Straﬂe";"04301";"04802";"TRAM";"6";"1.377.771";"5.105.289";"1.378.156";"5.105.328"
"14:20 (51600)";"14:21 (51660)";"Dresden Augsburger Straﬂe";"Dresden Kˆnigsheimplatz";"04802";"04901";"TRAM";"6";"1.378.156";"5.105.328";"1.378.694";"5.105.382"
"14:21 (51660)";"14:22 (51720)";"Dresden Kˆnigsheimplatz";"Dresden Lene-Glatzer-Straﬂe";"04901";"05001";"TRAM";"6";"1.378.694";"5.105.382";"1.379.225";"5.105.380"
"14:22 (51720)";"14:23 (51780)";"Dresden Lene-Glatzer-Straﬂe";"Dresden Prellerstraﬂe";"05001";"05101";"TRAM";"6";"1.379.225";"5.105.380";"1.379.871";"5.105.301"
"14:23 (51780)";"14:25 (51900)";"Dresden Prellerstraﬂe";"Dresden Schillerplatz";"05101";"05201";"TRAM";"6";"1.379.871";"5.105.301";"1.380.511";"5.105.219"
"14:25 (51900)";"14:27 (52020)";"Dresden Schillerplatz";"Dresden J¸ngststraﬂe";"05201";"05601";"TRAM";"6";"1.380.511";"5.105.219";"1.380.978";"5.104.924"
"14:27 (52020)";"14:28 (52080)";"Dresden J¸ngststraﬂe";"Dresden Heinrich-Sch¸tz-Straﬂe";"05601";"05401";"TRAM";"6";"1.380.978";"5.104.924";"1.381.284";"5.104.604"
"14:28 (52080)";"14:30 (52200)";"Dresden Heinrich-Sch¸tz-Straﬂe";"Dresden Gustav-Freytag-Straﬂe";"05401";"05501";"TRAM";"6";"1.381.284";"5.104.604";"1.381.293";"5.104.181"
"14:30 (52200)";"14:31 (52260)";"Dresden Gustav-Freytag-Straﬂe";"Dresden Ludwig-Hartmann-Straﬂe";"05501";"06801";"TRAM";"6";"1.381.293";"5.104.181";"1.380.869";"5.103.804"
"14:36 (52560)";"14:37 (52620)";"Dresden Ludwig-Hartmann-Straﬂe";"Dresden Ludwig-Hartmann-Straﬂe";"06802";"06801";"TRAM";"6";"1.380.869";"5.103.804";"1.380.869";"5.103.804"
"14:41 (52860)";"14:43 (52980)";"Dresden Ludwig-Hartmann-Straﬂe";"Dresden Johannisfriedhof";"06801";"06901";"TRAM";"6";"1.380.869";"5.103.804";"1.381.592";"5.103.588"
"14:43 (52980)";"14:44 (53040)";"Dresden Johannisfriedhof";"Dresden Tolkewitz Urnenhain";"06901";"07001";"TRAM";"6";"1.381.592";"5.103.588";"1.381.794";"5.103.531"
"14:44 (53040)";"14:45 (53100)";"Dresden Tolkewitz Urnenhain";"Dresden Wasserwerk Tolkewitz";"07001";"07101";"TRAM";"6";"1.381.794";"5.103.531";"1.382.313";"5.103.400"
"14:54 (53640)";"14:55 (53700)";"Dresden Wasserwerk Tolkewitz";"Dresden Johannisfriedhof";"07101";"06901";"TRAM";"6";"1.382.313";"5.103.400";"1.381.592";"5.103.588"
"14:55 (53700)";"14:56 (53760)";"Dresden Johannisfriedhof";"Dresden Ludwig-Hartmann-Straﬂe";"06901";"06802";"TRAM";"6";"1.381.592";"5.103.588";"1.380.869";"5.103.804"
"15:00 (54000)";"15:01 (54060)";"Dresden Ludwig-Hartmann-Straﬂe";"Dresden Altenberger Straﬂe";"06801";"06702";"TRAM";"10";"1.380.869";"5.103.804";"1.380.587";"5.103.949"
"15:01 (54060)";"15:02 (54120)";"Dresden Altenberger Straﬂe";"Dresden Gottleubaer Straﬂe";"06702";"06601";"TRAM";"10";"1.380.587";"5.103.949";"1.380.094";"5.104.118"
"15:02 (54120)";"15:04 (54240)";"Dresden Gottleubaer Straﬂe";"Dresden Pohlandplatz";"06601";"06503";"TRAM";"10";"1.380.094";"5.104.118";"1.379.533";"5.104.287"
"15:04 (54240)";"15:05 (54300)";"Dresden Pohlandplatz";"Dresden Bergmannstraﬂe";"06503";"06401";"TRAM";"10";"1.379.533";"5.104.287";"1.378.835";"5.104.330"
"15:05 (54300)";"15:06 (54360)";"Dresden Bergmannstraﬂe";"Dresden Spenerstraﬂe";"06401";"82401";"TRAM";"10";"1.378.835";"5.104.330";"1.378.223";"5.104.368"
"15:06 (54360)";"15:07 (54420)";"Dresden Spenerstraﬂe";"Dresden Mosenstraﬂe";"82401";"06301";"TRAM";"10";"1.378.223";"5.104.368";"1.377.778";"5.104.483"
"15:07 (54420)";"15:09 (54540)";"Dresden Mosenstraﬂe";"Dresden Fetscherplatz";"06301";"06201";"TRAM";"10";"1.377.778";"5.104.483";"1.377.085";"5.104.635"
"15:14 (54840)";"15:16 (54960)";"Dresden Fetscherplatz";"Dresden Gabelsbergerstraﬂe";"06201";"04401";"TRAM";"12";"1.377.085";"5.104.635";"1.377.450";"5.104.961"
"15:16 (54960)";"15:17 (55020)";"Dresden Gabelsbergerstraﬂe";"DD Blasewitzer/Fetscherstraﬂe";"04401";"04301";"TRAM";"12";"1.377.450";"5.104.961";"1.377.771";"5.105.289"
"15:19 (55140)";"15:21 (55260)";"DD Blasewitzer/Fetscherstraﬂe";"Dresden Trinitatisplatz";"04301";"04201";"TRAM";"6";"1.377.771";"5.105.289";"1.376.979";"5.105.245"
"15:21 (55260)";"15:22 (55320)";"Dresden Trinitatisplatz";"Dresden Permoserstraﬂe";"04201";"04101";"TRAM";"6";"1.376.979";"5.105.245";"1.376.306";"5.105.318"
"15:22 (55320)";"15:24 (55440)";"Dresden Permoserstraﬂe";"Dresden Sachsenallee";"04101";"01001";"TRAM";"6";"1.376.306";"5.105.318";"1.375.739";"5.105.461"
"15:24 (55440)";"15:26 (55560)";"Dresden Sachsenallee";"Dresden Rosa-Luxemburg-Platz";"01001";"01101";"TRAM";"6";"1.375.739";"5.105.461";"1.375.292";"5.105.932"
"15:26 (55560)";"15:28 (55680)";"Dresden Rosa-Luxemburg-Platz";"DD Bautzner/Rothenburger Str.";"01101";"01203";"TRAM";"6";"1.375.292";"5.105.932";"1.375.190";"5.106.298"
"15:28 (55680)";"15:30 (55800)";"DD Bautzner/Rothenburger Str.";"Dresden Albertplatz";"01203";"01302";"TRAM";"6";"1.375.190";"5.106.298";"1.374.675";"5.106.331"
"15:30 (55800)";"15:33 (55980)";"Dresden Albertplatz";"Dresden Bahnhof Neustadt";"01302";"01606";"TRAM";"6";"1.374.675";"5.106.331";"1.374.088";"5.106.543"
"15:33 (55980)";"15:34 (56040)";"Dresden Bahnhof Neustadt";"Dresden Anton-/Leipziger Str.";"01606";"01701";"TRAM";"6";"1.374.088";"5.106.543";"1.373.700";"5.106.309"
"15:34 (56040)";"15:36 (56160)";"Dresden Anton-/Leipziger Str.";"DD Kongresszentrum/H d Presse";"01701";"02101";"TRAM";"6";"1.373.700";"5.106.309";"1.372.808";"5.105.850"
"15:36 (56160)";"15:38 (56280)";"DD Kongresszentrum/H d Presse";"Dresden Bahnhof Mitte";"02101";"00103";"TRAM";"6";"1.372.808";"5.105.850";"1.372.340";"5.105.564"
"15:38 (56280)";"15:39 (56340)";"Dresden Bahnhof Mitte";"Dresden Bahnhof Mitte";"00103";"00104";"TRAM";"6";"1.372.340";"5.105.564";"1.372.340";"5.105.564"
"15:45 (56700)";"15:47 (56820)";"Dresden Bahnhof Mitte";"Dresden Weiﬂeritzstraﬂe";"00102";"14901";"TRAM";"10";"1.372.340";"5.105.564";"1.372.287";"5.105.837"
"15:47 (56820)";"15:49 (56940)";"Dresden Weiﬂeritzstraﬂe";"DD Krankenhaus Friedrichstadt";"14901";"18101";"TRAM";"10";"1.372.287";"5.105.837";"1.371.820";"5.105.988"
"15:49 (56940)";"15:50 (57000)";"DD Krankenhaus Friedrichstadt";"Dresden Vorwerkstraﬂe";"18101";"18201";"TRAM";"10";"1.371.820";"5.105.988";"1.371.530";"5.106.080"
"15:50 (57000)";"15:51 (57060)";"Dresden Vorwerkstraﬂe";"Dresden Alberthafen";"18201";"52001";"TRAM";"10";"1.371.530";"5.106.080";"1.371.583";"5.106.312"
"15:51 (57060)";"15:52 (57120)";"Dresden Alberthafen";"Dresden Messering (Halle 1)";"52001";"52601";"TRAM";"10";"1.371.583";"5.106.312";"1.371.671";"5.106.817"
"15:52 (57120)";"15:53 (57180)";"Dresden Messering (Halle 1)";"Dresden Messe Dresden";"52601";"52201";"TRAM";"10";"1.371.671";"5.106.817";"1.371.429";"5.106.983"
"15:59 (57540)";"16:00 (57600)";"Dresden Messe Dresden";"Dresden Messering (Halle 1)";"52201";"52601";"TRAM";"10";"1.371.429";"5.106.983";"1.371.671";"5.106.817"
"16:00 (57600)";"16:01 (57660)";"Dresden Messering (Halle 1)";"Dresden Alberthafen";"52601";"52001";"TRAM";"10";"1.371.671";"5.106.817";"1.371.583";"5.106.312"
"16:01 (57660)";"16:02 (57720)";"Dresden Alberthafen";"Dresden Vorwerkstraﬂe";"52001";"18201";"TRAM";"10";"1.371.583";"5.106.312";"1.371.530";"5.106.080"
"16:02 (57720)";"16:03 (57780)";"Dresden Vorwerkstraﬂe";"DD Krankenhaus Friedrichstadt";"18201";"18101";"TRAM";"10";"1.371.530";"5.106.080";"1.371.820";"5.105.988"
"16:03 (57780)";"16:04 (57840)";"DD Krankenhaus Friedrichstadt";"Dresden Weiﬂeritzstraﬂe";"18101";"14901";"TRAM";"10";"1.371.820";"5.105.988";"1.372.287";"5.105.837"
"16:04 (57840)";"16:07 (58020)";"Dresden Weiﬂeritzstraﬂe";"Dresden Bahnhof Mitte";"14901";"00102";"TRAM";"10";"1.372.287";"5.105.837";"1.372.340";"5.105.564"
"16:07 (58020)";"16:10 (58200)";"Dresden Bahnhof Mitte";"Dresden Hp Freiberger Straﬂe";"00102";"02502";"TRAM";"10";"1.372.340";"5.105.564";"1.372.012";"5.104.861"
"16:10 (58200)";"16:11 (58260)";"Dresden Hp Freiberger Straﬂe";"Dresden Budapester Straﬂe";"02502";"02701";"TRAM";"10";"1.372.012";"5.104.861";"1.372.489";"5.104.375"
"16:11 (58260)";"16:13 (58380)";"Dresden Budapester Straﬂe";"Dresden Hauptbahnhof";"02701";"02803";"TRAM";"10";"1.372.489";"5.104.375";"1.373.218";"5.104.020"
"16:13 (58380)";"16:15 (58500)";"Dresden Hauptbahnhof";"Dresden Gret-Palucca-Straﬂe";"02803";"03001";"TRAM";"10";"1.373.218";"5.104.020";"1.373.972";"5.103.883"
"16:15 (58500)";"16:17 (58620)";"Dresden Gret-Palucca-Straﬂe";"Dresden LennÈplatz";"03001";"11102";"TRAM";"10";"1.373.972";"5.103.883";"1.374.661";"5.103.838"
"16:22 (58920)";"16:23 (58980)";"Dresden LennÈplatz";"Dresden LennÈplatz";"11102";"11101";"TRAM";"9";"1.374.661";"5.103.838";"1.374.661";"5.103.838"
"16:27 (59220)";"16:29 (59340)";"Dresden LennÈplatz";"Dresden Strehlener Platz";"11101";"31101";"TRAM";"11";"1.374.661";"5.103.838";"1.374.927";"5.103.376"
"16:29 (59340)";"16:30 (59400)";"Dresden Strehlener Platz";"Dresden Zellescher Weg";"31101";"31202";"TRAM";"11";"1.374.927";"5.103.376";"1.374.585";"5.102.837"
"16:30 (59400)";"16:32 (59520)";"Dresden Zellescher Weg";"Dresden R‰cknitzhˆhe";"31202";"31301";"TRAM";"11";"1.374.585";"5.102.837";"1.374.247";"5.102.354"
"16:32 (59520)";"16:34 (59640)";"Dresden R‰cknitzhˆhe";"Dresden M¸nzmeisterstraﬂe";"31301";"31401";"TRAM";"11";"1.374.247";"5.102.354";"1.374.115";"5.101.918"
"16:38 (59880)";"16:39 (59940)";"Dresden M¸nzmeisterstraﬂe";"Dresden R‰cknitzhˆhe";"31401";"31301";"TRAM";"11";"1.374.115";"5.101.918";"1.374.247";"5.102.354"
"16:39 (59940)";"16:41 (60060)";"Dresden R‰cknitzhˆhe";"Dresden Zellescher Weg";"31301";"31202";"TRAM";"11";"1.374.247";"5.102.354";"1.374.585";"5.102.837"
"16:41 (60060)";"16:43 (60180)";"Dresden Zellescher Weg";"Dresden Strehlener Platz";"31202";"31101";"TRAM";"11";"1.374.585";"5.102.837";"1.374.927";"5.103.376"
"16:43 (60180)";"16:45 (60300)";"Dresden Strehlener Platz";"Dresden LennÈplatz";"31101";"11101";"TRAM";"11";"1.374.927";"5.103.376";"1.374.661";"5.103.838"
"16:46 (60360)";"16:47 (60420)";"Dresden LennÈplatz";"Dresden Gret-Palucca-Straﬂe";"11102";"03001";"TRAM";"11";"1.374.661";"5.103.838";"1.373.972";"5.103.883"
"16:47 (60420)";"16:49 (60540)";"Dresden Gret-Palucca-Straﬂe";"Dresden Hauptbahnhof Nord";"03001";"03201";"TRAM";"11";"1.373.972";"5.103.883";"1.373.509";"5.104.136"
"16:49 (60540)";"16:50 (60600)";"Dresden Hauptbahnhof Nord";"Dresden Walpurgisstraﬂe";"03201";"02901";"TRAM";"11";"1.373.509";"5.104.136";"1.373.766";"5.104.381"
"16:55 (60900)";"16:58 (61080)";"Dresden Walpurgisstraﬂe";"Dresden Pirnaischer Platz";"02901";"00502";"TRAM";"3";"1.373.766";"5.104.381";"1.374.397";"5.104.948"
"17:08 (61680)";"17:10 (61800)";"Dresden Pirnaischer Platz";"Dresden Prager Straﬂe";"00502";"00301";"TRAM";"12";"1.374.397";"5.104.948";"1.373.783";"5.104.715"
"17:10 (61800)";"17:12 (61920)";"Dresden Prager Straﬂe";"Dresden Postplatz";"00301";"03702";"TRAM";"12";"1.373.783";"5.104.715";"1.373.359";"5.105.085"
"17:12 (61920)";"17:14 (62040)";"Dresden Postplatz";"Dresden Alfred-Althus-Straﬂe";"03702";"02601";"TRAM";"12";"1.373.359";"5.105.085";"1.372.621";"5.105.051"
"17:14 (62040)";"17:15 (62100)";"Dresden Alfred-Althus-Straﬂe";"Dresden Hp Freiberger Straﬂe";"02601";"02501";"TRAM";"12";"1.372.621";"5.105.051";"1.372.012";"5.104.861"
"17:15 (62100)";"17:16 (62160)";"Dresden Hp Freiberger Straﬂe";"Dresden Rosenstraﬂe";"02501";"14101";"TRAM";"12";"1.372.012";"5.104.861";"1.371.328";"5.104.666"
"17:16 (62160)";"17:17 (62220)";"Dresden Rosenstraﬂe";"Dresden Oederaner Straﬂe";"14101";"14201";"TRAM";"12";"1.371.328";"5.104.666";"1.370.962";"5.104.489"
"17:17 (62220)";"17:18 (62280)";"Dresden Oederaner Straﬂe";"Dresden Saxoniastraﬂe";"14201";"14301";"TRAM";"12";"1.370.962";"5.104.489";"1.370.627";"5.104.374"
"17:18 (62280)";"17:19 (62340)";"Dresden Saxoniastraﬂe";"Dresden Tharandter Straﬂe";"14301";"14401";"TRAM";"12";"1.370.627";"5.104.374";"1.370.347";"5.104.373"
"17:23 (62580)";"17:24 (62640)";"Dresden Tharandter Straﬂe";"Dresden Wernerstraﬂe";"14401";"15401";"TRAM";"6";"1.370.347";"5.104.373";"1.370.758";"5.104.632"
"17:24 (62640)";"17:26 (62760)";"Dresden Wernerstraﬂe";"Dresden Cottaer Straﬂe";"15401";"15301";"TRAM";"6";"1.370.758";"5.104.632";"1.371.301";"5.105.027"
"17:26 (62760)";"17:28 (62880)";"Dresden Cottaer Straﬂe";"Dresden Sch‰ferstraﬂe";"15301";"19702";"TRAM";"6";"1.371.301";"5.105.027";"1.372.014";"5.105.476"
"17:31 (63060)";"17:32 (63120)";"Dresden Sch‰ferstraﬂe";"Dresden Cottaer Straﬂe";"19702";"15301";"TRAM";"6";"1.372.014";"5.105.476";"1.371.301";"5.105.027"
"17:34 (63240)";"17:36 (63360)";"Dresden Cottaer Straﬂe";"Dresden Semmelweisstraﬂe";"15301";"17101";"TRAM";"2";"1.371.301";"5.105.027";"1.370.606";"5.105.133"
"17:36 (63360)";"17:37 (63420)";"Dresden Semmelweisstraﬂe";"Dresden Burgkstraﬂe";"17101";"17201";"TRAM";"2";"1.370.606";"5.105.133";"1.369.635";"5.104.903"
"17:37 (63420)";"17:38 (63480)";"Dresden Burgkstraﬂe";"Dresden Pennricher Straﬂe";"17201";"17301";"TRAM";"2";"1.369.635";"5.104.903";"1.369.209";"5.104.907"
"17:38 (63480)";"17:39 (63540)";"Dresden Pennricher Straﬂe";"Dresden Chamissostraﬂe";"17301";"17801";"TRAM";"2";"1.369.209";"5.104.907";"1.368.787";"5.104.926"
"17:39 (63540)";"17:40 (63600)";"Dresden Chamissostraﬂe";"Dresden Hebbelplatz";"17801";"17901";"TRAM";"2";"1.368.787";"5.104.926";"1.368.274";"5.105.134"
"17:40 (63600)";"17:41 (63660)";"Dresden Hebbelplatz";"Dresden Coventrystraﬂe";"17901";"33301";"TRAM";"2";"1.368.274";"5.105.134";"1.368.069";"5.104.820"
"17:41 (63660)";"17:42 (63720)";"Dresden Coventrystraﬂe";"Dresden Dahlienweg";"33301";"33202";"TRAM";"2";"1.368.069";"5.104.820";"1.367.982";"5.104.624"
"17:42 (63720)";"17:43 (63780)";"Dresden Dahlienweg";"Dresden Amalie-Dietrich-Platz";"33202";"33401";"TRAM";"2";"1.367.982";"5.104.624";"1.367.830";"5.104.548"
"17:43 (63780)";"17:44 (63840)";"Dresden Amalie-Dietrich-Platz";"Dresden Merianplatz";"33401";"33501";"TRAM";"2";"1.367.830";"5.104.548";"1.367.000";"5.104.468"
"17:44 (63840)";"17:45 (63900)";"Dresden Merianplatz";"Dresden Kirschenstraﬂe";"33501";"33601";"TRAM";"2";"1.367.000";"5.104.468";"1.366.355";"5.104.622"
"17:45 (63900)";"17:47 (64020)";"Dresden Kirschenstraﬂe";"Dresden Schlehenstraﬂe";"33601";"33701";"TRAM";"2";"1.366.355";"5.104.622";"1.365.799";"5.104.866"
"17:47 (64020)";"17:48 (64080)";"Dresden Schlehenstraﬂe";"Dresden Betriebshof Gorbitz";"33701";"33801";"TRAM";"2";"1.365.799";"5.104.866";"1.365.299";"5.104.685"
"17:54 (64440)";"17:56 (64560)";"Dresden Betriebshof Gorbitz";"Dresden Altnossener Straﬂe";"33801";"34001";"TRAM";"7";"1.365.299";"5.104.685";"1.364.546";"5.104.001"
"17:56 (64560)";"17:57 (64620)";"Dresden Altnossener Straﬂe";"Gompitz Rudolf-Walther-Straﬂe";"34001";"34101";"TRAM";"7";"1.364.546";"5.104.001";"1.363.786";"5.103.889"
"17:57 (64620)";"17:58 (64680)";"Gompitz Rudolf-Walther-Straﬂe";"Gompitz Gompitzer Hˆhe";"34101";"34201";"TRAM";"7";"1.363.786";"5.103.889";"1.363.250";"5.104.018"
"17:58 (64680)";"17:59 (64740)";"Gompitz Gompitzer Hˆhe";"Pennrich Gleisschleife";"34201";"34401";"TRAM";"7";"1.363.250";"5.104.018";"1.362.584";"5.104.071"
"17:59 (64740)";"18:00 (64800)";"Pennrich Gleisschleife";"Pennrich Gleisschleife";"34401";"34404";"TRAM";"7";"1.362.584";"5.104.071";"1.362.584";"5.104.071"
"18:03 (64980)";"18:04 (65040)";"Pennrich Gleisschleife";"Gompitz Gompitzer Hˆhe";"34401";"34201";"TRAM";"7";"1.362.584";"5.104.071";"1.363.250";"5.104.018"
"18:04 (65040)";"18:05 (65100)";"Gompitz Gompitzer Hˆhe";"Gompitz Rudolf-Walther-Straﬂe";"34201";"34101";"TRAM";"7";"1.363.250";"5.104.018";"1.363.786";"5.103.889"
"18:05 (65100)";"18:06 (65160)";"Gompitz Rudolf-Walther-Straﬂe";"Dresden Altnossener Straﬂe";"34101";"34001";"TRAM";"7";"1.363.786";"5.103.889";"1.364.546";"5.104.001"
"18:06 (65160)";"18:08 (65280)";"Dresden Altnossener Straﬂe";"Dresden Betriebshof Gorbitz";"34001";"33801";"TRAM";"7";"1.364.546";"5.104.001";"1.365.299";"5.104.685"
"18:08 (65280)";"18:10 (65400)";"Dresden Betriebshof Gorbitz";"Dresden Schlehenstraﬂe";"33801";"33701";"TRAM";"7";"1.365.299";"5.104.685";"1.365.799";"5.104.866"
"18:10 (65400)";"18:11 (65460)";"Dresden Schlehenstraﬂe";"Dresden Kirschenstraﬂe";"33701";"33601";"TRAM";"7";"1.365.799";"5.104.866";"1.366.355";"5.104.622"
"18:11 (65460)";"18:12 (65520)";"Dresden Kirschenstraﬂe";"Dresden Merianplatz";"33601";"33501";"TRAM";"7";"1.366.355";"5.104.622";"1.367.000";"5.104.468"
"18:12 (65520)";"18:13 (65580)";"Dresden Merianplatz";"Dresden Amalie-Dietrich-Platz";"33501";"33401";"TRAM";"7";"1.367.000";"5.104.468";"1.367.830";"5.104.548"
"18:13 (65580)";"18:15 (65700)";"Dresden Amalie-Dietrich-Platz";"Dresden Julius-Vahlteich-Str.";"33401";"33102";"TRAM";"7";"1.367.830";"5.104.548";"1.368.011";"5.104.239"
"18:15 (65700)";"18:16 (65760)";"Dresden Julius-Vahlteich-Str.";"Dresden Koblenzer Straﬂe";"33102";"14701";"TRAM";"7";"1.368.011";"5.104.239";"1.368.342";"5.104.246"
"18:16 (65760)";"18:17 (65820)";"Dresden Koblenzer Straﬂe";"Dresden Malterstraﬂe";"14701";"14601";"TRAM";"7";"1.368.342";"5.104.246";"1.369.127";"5.104.275"
"18:17 (65820)";"18:19 (65940)";"Dresden Malterstraﬂe";"Dresden B¸naustraﬂe";"14601";"14501";"TRAM";"7";"1.369.127";"5.104.275";"1.369.866";"5.104.358"
"18:19 (65940)";"18:21 (66060)";"Dresden B¸naustraﬂe";"Dresden Tharandter Straﬂe";"14501";"14401";"TRAM";"7";"1.369.866";"5.104.358";"1.370.347";"5.104.373"
"18:21 (66060)";"18:22 (66120)";"Dresden Tharandter Straﬂe";"Dresden Oederaner Straﬂe";"14401";"14201";"TRAM";"7";"1.370.347";"5.104.373";"1.370.962";"5.104.489"
"18:22 (66120)";"18:23 (66180)";"Dresden Oederaner Straﬂe";"Dresden Rosenstraﬂe";"14201";"14101";"TRAM";"7";"1.370.962";"5.104.489";"1.371.328";"5.104.666"
"18:23 (66180)";"18:25 (66300)";"Dresden Rosenstraﬂe";"Dresden Hp Freiberger Straﬂe";"14101";"02502";"TRAM";"7";"1.371.328";"5.104.666";"1.372.012";"5.104.861"
"18:25 (66300)";"18:26 (66360)";"Dresden Hp Freiberger Straﬂe";"Dresden Budapester Straﬂe";"02502";"02701";"TRAM";"7";"1.372.012";"5.104.861";"1.372.489";"5.104.375"
"18:26 (66360)";"18:28 (66480)";"Dresden Budapester Straﬂe";"Dresden Hauptbahnhof";"02701";"02803";"TRAM";"7";"1.372.489";"5.104.375";"1.373.218";"5.104.020"
"18:31 (66660)";"18:33 (66780)";"Dresden Hauptbahnhof";"Dresden Reichenbachstraﬂe";"02802";"13101";"TRAM";"8";"1.373.218";"5.104.020";"1.373.139";"5.103.513"
"18:33 (66780)";"18:35 (66900)";"Dresden Reichenbachstraﬂe";"Dresden N¸rnberger Platz";"13101";"13201";"TRAM";"8";"1.373.139";"5.103.513";"1.372.694";"5.103.178"
"18:42 (67320)";"18:43 (67380)";"Dresden N¸rnberger Platz";"Dresden M¸nchner Platz";"13202";"13401";"TRAM";"3";"1.372.694";"5.103.178";"1.372.157";"5.102.990"
"18:43 (67380)";"18:45 (67500)";"Dresden M¸nchner Platz";"Dresden Plauen Nˆthnitzer Str.";"13401";"13501";"TRAM";"3";"1.372.157";"5.102.990";"1.371.577";"5.102.763"
"18:45 (67500)";"18:47 (67620)";"Dresden Plauen Nˆthnitzer Str.";"Dresden C‰mmerswalder Straﬂe";"13501";"16101";"TRAM";"3";"1.371.577";"5.102.763";"1.371.741";"5.102.222"
"18:47 (67620)";"18:48 (67680)";"Dresden C‰mmerswalder Straﬂe";"Dresden Kotteweg";"16101";"16201";"TRAM";"3";"1.371.741";"5.102.222";"1.371.035";"5.102.169"
"18:48 (67680)";"18:49 (67740)";"Dresden Kotteweg";"Dresden Saarstraﬂe";"16201";"16301";"TRAM";"3";"1.371.035";"5.102.169";"1.370.613";"5.101.911"
"18:49 (67740)";"18:50 (67800)";"Dresden Saarstraﬂe";"Dresden Achtbeeteweg";"16301";"16401";"TRAM";"3";"1.370.613";"5.101.911";"1.370.095";"5.101.642"
"18:50 (67800)";"18:51 (67860)";"Dresden Achtbeeteweg";"Dresden Cosch¸tz";"16401";"16501";"TRAM";"3";"1.370.095";"5.101.642";"1.369.867";"5.101.581"
"18:52 (67920)";"18:52 (67920)";"Dresden Cosch¸tz";"Dresden Achtbeeteweg";"16501";"16401";"TRAM";"3";"1.369.867";"5.101.581";"1.370.095";"5.101.642"
"18:52 (67920)";"18:54 (68040)";"Dresden Achtbeeteweg";"Dresden Saarstraﬂe";"16401";"16301";"TRAM";"3";"1.370.095";"5.101.642";"1.370.613";"5.101.911"
"18:54 (68040)";"18:55 (68100)";"Dresden Saarstraﬂe";"Dresden Kotteweg";"16301";"16201";"TRAM";"3";"1.370.613";"5.101.911";"1.371.035";"5.102.169"
"18:55 (68100)";"18:56 (68160)";"Dresden Kotteweg";"Dresden C‰mmerswalder Straﬂe";"16201";"16101";"TRAM";"3";"1.371.035";"5.102.169";"1.371.741";"5.102.222"
"18:56 (68160)";"18:58 (68280)";"Dresden C‰mmerswalder Straﬂe";"Dresden Plauen Nˆthnitzer Str.";"16101";"13501";"TRAM";"3";"1.371.741";"5.102.222";"1.371.577";"5.102.763"
"18:58 (68280)";"18:59 (68340)";"Dresden Plauen Nˆthnitzer Str.";"Dresden M¸nchner Platz";"13501";"13401";"TRAM";"3";"1.371.577";"5.102.763";"1.372.157";"5.102.990"
"18:59 (68340)";"19:00 (68400)";"Dresden M¸nchner Platz";"Dresden N¸rnberger Platz";"13401";"13202";"TRAM";"3";"1.372.157";"5.102.990";"1.372.694";"5.103.178"
"19:00 (68400)";"19:01 (68460)";"Dresden N¸rnberger Platz";"Dresden Reichenbachstraﬂe";"13202";"13101";"TRAM";"3";"1.372.694";"5.103.178";"1.373.139";"5.103.513"
"19:01 (68460)";"19:03 (68580)";"Dresden Reichenbachstraﬂe";"Dresden Hauptbahnhof";"13101";"02802";"TRAM";"3";"1.373.139";"5.103.513";"1.373.218";"5.104.020"
"19:08 (68880)";"19:09 (68940)";"Dresden Hauptbahnhof";"Dresden Budapester Straﬂe";"02803";"02701";"TRAM";"10";"1.373.218";"5.104.020";"1.372.489";"5.104.375"
"19:09 (68940)";"19:11 (69060)";"Dresden Budapester Straﬂe";"Dresden Hp Freiberger Straﬂe";"02701";"02502";"TRAM";"10";"1.372.489";"5.104.375";"1.372.012";"5.104.861"
"19:14 (69240)";"19:15 (69300)";"Dresden Hp Freiberger Straﬂe";"Dresden Rosenstraﬂe";"02501";"14101";"TRAM";"12";"1.372.012";"5.104.861";"1.371.328";"5.104.666"
"19:15 (69300)";"19:16 (69360)";"Dresden Rosenstraﬂe";"Dresden Oederaner Straﬂe";"14101";"14201";"TRAM";"12";"1.371.328";"5.104.666";"1.370.962";"5.104.489"
"19:16 (69360)";"19:17 (69420)";"Dresden Oederaner Straﬂe";"Dresden Saxoniastraﬂe";"14201";"14301";"TRAM";"12";"1.370.962";"5.104.489";"1.370.627";"5.104.374"
"19:17 (69420)";"19:18 (69480)";"Dresden Saxoniastraﬂe";"Dresden Tharandter Straﬂe";"14301";"14401";"TRAM";"12";"1.370.627";"5.104.374";"1.370.347";"5.104.373"
"19:18 (69480)";"19:19 (69540)";"Dresden Tharandter Straﬂe";"Dresden B¸naustraﬂe";"14401";"14501";"TRAM";"12";"1.370.347";"5.104.373";"1.369.866";"5.104.358"
"19:22 (69720)";"19:24 (69840)";"Dresden B¸naustraﬂe";"Dresden Malterstraﬂe";"14501";"14601";"TRAM";"7";"1.369.866";"5.104.358";"1.369.127";"5.104.275"
"19:24 (69840)";"19:25 (69900)";"Dresden Malterstraﬂe";"Dresden Koblenzer Straﬂe";"14601";"14701";"TRAM";"7";"1.369.127";"5.104.275";"1.368.342";"5.104.246"
"19:25 (69900)";"19:26 (69960)";"Dresden Koblenzer Straﬂe";"Dresden Julius-Vahlteich-Str.";"14701";"33102";"TRAM";"7";"1.368.342";"5.104.246";"1.368.011";"5.104.239"
"19:40 (70800)";"19:41 (70860)";"Dresden Julius-Vahlteich-Str.";"Dresden Wˆlfnitz";"33102";"14801";"TRAM";"6";"1.368.011";"5.104.239";"1.368.166";"5.104.310"
"19:52 (71520)";"19:53 (71580)";"Dresden Wˆlfnitz";"Dresden Koblenzer Straﬂe";"14801";"14701";"TRAM";"6";"1.368.166";"5.104.310";"1.368.342";"5.104.246"
"19:53 (71580)";"19:54 (71640)";"Dresden Koblenzer Straﬂe";"Dresden Malterstraﬂe";"14701";"14601";"TRAM";"6";"1.368.342";"5.104.246";"1.369.127";"5.104.275"
"19:54 (71640)";"19:56 (71760)";"Dresden Malterstraﬂe";"Dresden B¸naustraﬂe";"14601";"14501";"TRAM";"6";"1.369.127";"5.104.275";"1.369.866";"5.104.358"
"19:56 (71760)";"19:57 (71820)";"Dresden B¸naustraﬂe";"Dresden Tharandter Straﬂe";"14501";"14401";"TRAM";"6";"1.369.866";"5.104.358";"1.370.347";"5.104.373"
"19:57 (71820)";"19:59 (71940)";"Dresden Tharandter Straﬂe";"Dresden Wernerstraﬂe";"14401";"15401";"TRAM";"6";"1.370.347";"5.104.373";"1.370.758";"5.104.632"
"19:59 (71940)";"20:00 (72000)";"Dresden Wernerstraﬂe";"Dresden Cottaer Straﬂe";"15401";"15301";"TRAM";"6";"1.370.758";"5.104.632";"1.371.301";"5.105.027"
"20:00 (72000)";"20:01 (72060)";"Dresden Cottaer Straﬂe";"Dresden Sch‰ferstraﬂe";"15301";"19702";"TRAM";"6";"1.371.301";"5.105.027";"1.372.014";"5.105.476"
"20:01 (72060)";"20:03 (72180)";"Dresden Sch‰ferstraﬂe";"Dresden Bahnhof Mitte";"19702";"00102";"TRAM";"6";"1.372.014";"5.105.476";"1.372.340";"5.105.564"
"20:04 (72240)";"20:05 (72300)";"Dresden Bahnhof Mitte";"DD Kongresszentrum/H d Presse";"00103";"02101";"TRAM";"6";"1.372.340";"5.105.564";"1.372.808";"5.105.850"
"20:05 (72300)";"20:07 (72420)";"DD Kongresszentrum/H d Presse";"Dresden Anton-/Leipziger Str.";"02101";"01701";"TRAM";"6";"1.372.808";"5.105.850";"1.373.700";"5.106.309"
"20:12 (72720)";"20:14 (72840)";"Dresden Anton-/Leipziger Str.";"Dresden Alter Schlachthof";"01703";"20101";"TRAM";"4";"1.373.700";"5.106.309";"1.373.164";"5.106.792"
"20:14 (72840)";"20:15 (72900)";"Dresden Alter Schlachthof";"Dresden Alexander-Puschkin-Pl";"20101";"20201";"TRAM";"4";"1.373.164";"5.106.792";"1.372.857";"5.107.087"
"20:15 (72900)";"20:16 (72960)";"Dresden Alexander-Puschkin-Pl";"Dresden Oschatzer Straﬂe";"20201";"20301";"TRAM";"4";"1.372.857";"5.107.087";"1.372.307";"5.107.451"
"20:16 (72960)";"20:18 (73080)";"Dresden Oschatzer Straﬂe";"Dresden Altpieschen";"20301";"20001";"TRAM";"4";"1.372.307";"5.107.451";"1.371.712";"5.107.738"
"20:18 (73080)";"20:19 (73140)";"Dresden Altpieschen";"Dresden Mickten";"20001";"20502";"TRAM";"4";"1.371.712";"5.107.738";"1.371.391";"5.108.038"
"20:19 (73140)";"20:20 (73200)";"Dresden Mickten";"Dresden Alttrachau";"20502";"20901";"TRAM";"4";"1.371.391";"5.108.038";"1.370.900";"5.108.434"
"20:20 (73200)";"20:21 (73260)";"Dresden Alttrachau";"Dresden Rankestraﬂe";"20901";"21001";"TRAM";"4";"1.370.900";"5.108.434";"1.370.481";"5.108.586"
"20:21 (73260)";"20:22 (73320)";"Dresden Rankestraﬂe";"Dresden Geblerstraﬂe";"21001";"21202";"TRAM";"4";"1.370.481";"5.108.586";"1.370.257";"5.109.022"
"20:22 (73320)";"20:23 (73380)";"Dresden Geblerstraﬂe";"Dresden Kleestraﬂe";"21202";"21301";"TRAM";"4";"1.370.257";"5.109.022";"1.369.974";"5.109.235"
"20:23 (73380)";"20:24 (73440)";"Dresden Kleestraﬂe";"Radebeul Forststraﬂe";"21301";"421401";"TRAM";"4";"1.369.974";"5.109.235";"1.369.465";"5.109.601"
"20:24 (73440)";"20:26 (73560)";"Radebeul Forststraﬂe";"Radebeul Zinzendorfstraﬂe";"421401";"421601";"TRAM";"4";"1.369.465";"5.109.601";"1.368.520";"5.110.079"
"20:26 (73560)";"20:28 (73680)";"Radebeul Zinzendorfstraﬂe";"Radebeul Hauptstraﬂe";"421601";"421701";"TRAM";"4";"1.368.520";"5.110.079";"1.368.115";"5.110.225"
"20:28 (73680)";"20:30 (73800)";"Radebeul Hauptstraﬂe";"Radebeul Schildenstraﬂe";"421701";"421802";"TRAM";"4";"1.368.115";"5.110.225";"1.367.413";"5.110.381"
"20:30 (73800)";"20:31 (73860)";"Radebeul Schildenstraﬂe";"Radebeul Wasastraﬂe";"421802";"421901";"TRAM";"4";"1.367.413";"5.110.381";"1.366.869";"5.110.405"
"20:31 (73860)";"20:32 (73920)";"Radebeul Wasastraﬂe";"Radebeul Landesb¸hnen Sachsen";"421901";"422101";"TRAM";"4";"1.366.869";"5.110.405";"1.365.996";"5.110.603"
"20:32 (73920)";"20:34 (74040)";"Radebeul Landesb¸hnen Sachsen";"Radebeul Zillerstraﬂe";"422101";"422201";"TRAM";"4";"1.365.996";"5.110.603";"1.365.267";"5.110.558"
"20:34 (74040)";"20:35 (74100)";"Radebeul Zillerstraﬂe";"Radebeul Dr.-K¸lz-Straﬂe";"422201";"422301";"TRAM";"4";"1.365.267";"5.110.558";"1.364.614";"5.110.631"
"20:35 (74100)";"20:36 (74160)";"Radebeul Dr.-K¸lz-Straﬂe";"Radebeul Borstraﬂe";"422301";"422401";"TRAM";"4";"1.364.614";"5.110.631";"1.364.027";"5.110.667"
"20:36 (74160)";"20:38 (74280)";"Radebeul Borstraﬂe";"Radebeul Gradsteg";"422401";"423301";"TRAM";"4";"1.364.027";"5.110.667";"1.363.543";"5.110.740"
"20:38 (74280)";"20:39 (74340)";"Radebeul Gradsteg";"Radebeul Moritzburger Straﬂe";"423301";"422503";"TRAM";"4";"1.363.543";"5.110.740";"1.363.053";"5.110.819"
"20:39 (74340)";"20:40 (74400)";"Radebeul Moritzburger Straﬂe";"Radebeul West (Flemmingstraﬂe)";"422503";"422603";"TRAM";"4";"1.363.053";"5.110.819";"1.362.524";"5.111.011"
"20:40 (74400)";"20:41 (74460)";"Radebeul West (Flemmingstraﬂe)";"Radebeul Schloss Wackerbarth";"422603";"422702";"TRAM";"4";"1.362.524";"5.111.011";"1.362.053";"5.111.225"
"20:41 (74460)";"20:43 (74580)";"Radebeul Schloss Wackerbarth";"Radebeul Johannisbergstraﬂe";"422702";"422801";"TRAM";"4";"1.362.053";"5.111.225";"1.361.169";"5.111.456"
"20:43 (74580)";"20:45 (74700)";"Radebeul Johannisbergstraﬂe";"Radebeul Gerhart-Hauptmann-Str";"422801";"422902";"TRAM";"4";"1.361.169";"5.111.456";"1.360.349";"5.111.982"
"20:45 (74700)";"20:46 (74760)";"Radebeul Gerhart-Hauptmann-Str";"Radebeul Eisenbahnbr¸cke";"422902";"423001";"TRAM";"4";"1.360.349";"5.111.982";"1.359.418";"5.112.135"
"20:46 (74760)";"20:48 (74880)";"Radebeul Eisenbahnbr¸cke";"Coswig Radebeuler Straﬂe";"423001";"416801";"TRAM";"4";"1.359.418";"5.112.135";"1.358.786";"5.112.604"
"20:48 (74880)";"20:49 (74940)";"Coswig Radebeuler Straﬂe";"Coswig Zentrum/ Bˆrse";"416801";"416002";"TRAM";"4";"1.358.786";"5.112.604";"1.358.040";"5.112.732"
"20:49 (74940)";"20:50 (75000)";"Coswig Zentrum/ Bˆrse";"Coswig Rathaus";"416002";"418501";"TRAM";"4";"1.358.040";"5.112.732";"1.357.713";"5.112.808"
"20:50 (75000)";"20:52 (75120)";"Coswig Rathaus";"Coswig Salzstraﬂe (Strab)";"418501";"415601";"TRAM";"4";"1.357.713";"5.112.808";"1.357.708";"5.113.722"
"20:52 (75120)";"20:53 (75180)";"Coswig Salzstraﬂe (Strab)";"Coswig Auerstraﬂe";"415601";"415701";"TRAM";"4";"1.357.708";"5.113.722";"1.357.524";"5.114.023"
"20:53 (75180)";"20:54 (75240)";"Coswig Auerstraﬂe";"Coswig Steinbacher Weg";"415701";"415801";"TRAM";"4";"1.357.524";"5.114.023";"1.357.163";"5.114.420"
"20:54 (75240)";"20:56 (75360)";"Coswig Steinbacher Weg";"Weinbˆhla Kˆhlerstraﬂe";"415801";"414702";"TRAM";"4";"1.357.163";"5.114.420";"1.357.390";"5.115.192"
"20:56 (75360)";"20:59 (75540)";"Weinbˆhla Kˆhlerstraﬂe";"Weinbˆhla (Rathausstraﬂe)";"414702";"414401";"TRAM";"4";"1.357.390";"5.115.192";"1.356.634";"5.115.965"
"21:07 (76020)";"21:09 (76140)";"Weinbˆhla (Rathausstraﬂe)";"Weinbˆhla Kˆhlerstraﬂe";"414401";"414702";"TRAM";"4";"1.356.634";"5.115.965";"1.357.390";"5.115.192"
"21:09 (76140)";"21:11 (76260)";"Weinbˆhla Kˆhlerstraﬂe";"Coswig Steinbacher Weg";"414702";"415801";"TRAM";"4";"1.357.390";"5.115.192";"1.357.163";"5.114.420"
"21:11 (76260)";"21:12 (76320)";"Coswig Steinbacher Weg";"Coswig Auerstraﬂe";"415801";"415701";"TRAM";"4";"1.357.163";"5.114.420";"1.357.524";"5.114.023"
"21:12 (76320)";"21:13 (76380)";"Coswig Auerstraﬂe";"Coswig Salzstraﬂe (Strab)";"415701";"415601";"TRAM";"4";"1.357.524";"5.114.023";"1.357.708";"5.113.722"
"21:13 (76380)";"21:15 (76500)";"Coswig Salzstraﬂe (Strab)";"Coswig Rathaus";"415601";"418501";"TRAM";"4";"1.357.708";"5.113.722";"1.357.713";"5.112.808"
"21:15 (76500)";"21:16 (76560)";"Coswig Rathaus";"Coswig Zentrum/ Bˆrse";"418501";"416002";"TRAM";"4";"1.357.713";"5.112.808";"1.358.040";"5.112.732"
"21:16 (76560)";"21:18 (76680)";"Coswig Zentrum/ Bˆrse";"Coswig Radebeuler Straﬂe";"416002";"416801";"TRAM";"4";"1.358.040";"5.112.732";"1.358.786";"5.112.604"
"21:18 (76680)";"21:19 (76740)";"Coswig Radebeuler Straﬂe";"Radebeul Eisenbahnbr¸cke";"416801";"423001";"TRAM";"4";"1.358.786";"5.112.604";"1.359.418";"5.112.135"
"21:19 (76740)";"21:21 (76860)";"Radebeul Eisenbahnbr¸cke";"Radebeul Gerhart-Hauptmann-Str";"423001";"422902";"TRAM";"4";"1.359.418";"5.112.135";"1.360.349";"5.111.982"
"21:21 (76860)";"21:23 (76980)";"Radebeul Gerhart-Hauptmann-Str";"Radebeul Johannisbergstraﬂe";"422902";"422801";"TRAM";"4";"1.360.349";"5.111.982";"1.361.169";"5.111.456"
"21:23 (76980)";"21:24 (77040)";"Radebeul Johannisbergstraﬂe";"Radebeul Schloss Wackerbarth";"422801";"422701";"TRAM";"4";"1.361.169";"5.111.456";"1.362.053";"5.111.225"
"21:24 (77040)";"21:25 (77100)";"Radebeul Schloss Wackerbarth";"Radebeul West (Flemmingstraﬂe)";"422701";"422601";"TRAM";"4";"1.362.053";"5.111.225";"1.362.524";"5.111.011"
"21:39 (77940)";"21:40 (78000)";"Radebeul West (Flemmingstraﬂe)";"Radebeul West (Flemmingstraﬂe)";"422602";"422601";"TRAM";"4";"1.362.524";"5.111.011";"1.362.524";"5.111.011"
"21:40 (78000)";"21:41 (78060)";"Radebeul West (Flemmingstraﬂe)";"Radebeul Moritzburger Straﬂe";"422601";"422501";"TRAM";"4";"1.362.524";"5.111.011";"1.363.053";"5.110.819"
"21:41 (78060)";"21:42 (78120)";"Radebeul Moritzburger Straﬂe";"Radebeul Gradsteg";"422501";"423301";"TRAM";"4";"1.363.053";"5.110.819";"1.363.543";"5.110.740"
"21:42 (78120)";"21:43 (78180)";"Radebeul Gradsteg";"Radebeul Borstraﬂe";"423301";"422401";"TRAM";"4";"1.363.543";"5.110.740";"1.364.027";"5.110.667"
"21:43 (78180)";"21:44 (78240)";"Radebeul Borstraﬂe";"Radebeul Dr.-K¸lz-Straﬂe";"422401";"422301";"TRAM";"4";"1.364.027";"5.110.667";"1.364.614";"5.110.631"
"21:44 (78240)";"21:45 (78300)";"Radebeul Dr.-K¸lz-Straﬂe";"Radebeul Zillerstraﬂe";"422301";"422201";"TRAM";"4";"1.364.614";"5.110.631";"1.365.267";"5.110.558"
"21:45 (78300)";"21:47 (78420)";"Radebeul Zillerstraﬂe";"Radebeul Landesb¸hnen Sachsen";"422201";"422101";"TRAM";"4";"1.365.267";"5.110.558";"1.365.996";"5.110.603"
"21:47 (78420)";"21:48 (78480)";"Radebeul Landesb¸hnen Sachsen";"Radebeul Wasastraﬂe";"422101";"421901";"TRAM";"4";"1.365.996";"5.110.603";"1.366.869";"5.110.405"
"21:48 (78480)";"21:49 (78540)";"Radebeul Wasastraﬂe";"Radebeul Schildenstraﬂe";"421901";"421801";"TRAM";"4";"1.366.869";"5.110.405";"1.367.413";"5.110.381"
"21:49 (78540)";"21:51 (78660)";"Radebeul Schildenstraﬂe";"Radebeul Hauptstraﬂe";"421801";"421701";"TRAM";"4";"1.367.413";"5.110.381";"1.368.115";"5.110.225"
"21:51 (78660)";"21:52 (78720)";"Radebeul Hauptstraﬂe";"Radebeul Zinzendorfstraﬂe";"421701";"421601";"TRAM";"4";"1.368.115";"5.110.225";"1.368.520";"5.110.079"
"21:52 (78720)";"21:54 (78840)";"Radebeul Zinzendorfstraﬂe";"Radebeul Forststraﬂe";"421601";"421401";"TRAM";"4";"1.368.520";"5.110.079";"1.369.465";"5.109.601"
"21:54 (78840)";"21:56 (78960)";"Radebeul Forststraﬂe";"Radebeul Ost (Schillerstraﬂe)";"421401";"421501";"TRAM";"4";"1.369.465";"5.109.601";"1.368.852";"5.109.981"
