"AB_ZEIT";"AN_ZEIT";"AB_HST_NAME";"AN_HST_NAME";"AB_HSTBEREICH_NR";"AN_HSTBEREICH_NR";"TRANSPORTMITTEL";"LINIE"
"339";"340";"Dresden S¸dvorstadt";"Dresden N¸rnberger Platz";"13301";"13201";"TRAM";"8"
"340";"341";"Dresden N¸rnberger Platz";"Dresden Reichenbachstraﬂe";"13201";"13101";"TRAM";"8"
"341";"343";"Dresden Reichenbachstraﬂe";"Dresden Hauptbahnhof";"13101";"02802";"TRAM";"8"
"343";"344";"Dresden Hauptbahnhof";"Dresden Hauptbahnhof Nord";"02802";"03201";"TRAM";"8"
"344";"345";"Dresden Hauptbahnhof Nord";"Dresden Walpurgisstraﬂe";"03201";"02901";"TRAM";"8"
"345";"347";"Dresden Walpurgisstraﬂe";"Dresden Prager Straﬂe";"02901";"00301";"TRAM";"8"
"347";"349";"Dresden Prager Straﬂe";"Dresden Postplatz";"00301";"03702";"TRAM";"8"
"349";"351";"Dresden Postplatz";"Dresden Theaterplatz";"03702";"02002";"TRAM";"8"
"351";"353";"Dresden Theaterplatz";"Dresden Neust‰dter Markt";"02002";"01902";"TRAM";"8"
"353";"354";"Dresden Neust‰dter Markt";"Dresden Carolaplatz";"01902";"01401";"TRAM";"8"
"354";"355";"Dresden Carolaplatz";"Dresden Carolaplatz";"01401";"01402";"TRAM";"8"
"355";"357";"Dresden Carolaplatz";"Dresden Albertplatz";"01402";"01301";"TRAM";"8"
"357";"358";"Dresden Albertplatz";"Dresden Louisenstraﬂe";"01301";"26101";"TRAM";"8"
"358";"360";"Dresden Louisenstraﬂe";"Dresden Bischofsweg";"26101";"26201";"TRAM";"8"
"360";"361";"Dresden Bischofsweg";"Dresden Tannenstraﬂe";"26201";"25901";"TRAM";"8"
"361";"363";"Dresden Tannenstraﬂe";"Dresden Stauffenbergallee";"25901";"26501";"TRAM";"8"
"363";"364";"Dresden Stauffenbergallee";"Dresden Heeresb‰ckerei";"26501";"26601";"TRAM";"8"
"364";"365";"Dresden Heeresb‰ckerei";"Dresden Industriegel‰nde";"26601";"26702";"TRAM";"8"
"365";"366";"Dresden Industriegel‰nde";"Dresden Hellersiedlung";"26702";"26801";"TRAM";"8"
"366";"368";"Dresden Hellersiedlung";"Dresden Moritzburger Weg";"26801";"26901";"TRAM";"8"
"368";"369";"Dresden Moritzburger Weg";"Dresden Infineon S¸d";"26901";"27002";"TRAM";"8"
"369";"371";"Dresden Infineon S¸d";"Dresden Am Hellerrand";"27002";"27101";"TRAM";"8"
"371";"372";"Dresden Am Hellerrand";"Dresden Heinrich-Tessenow-Weg";"27101";"27201";"TRAM";"8"
"372";"373";"Dresden Heinrich-Tessenow-Weg";"Dresden Festspielhaus Hellerau";"27201";"27301";"TRAM";"8"
"373";"374";"Dresden Festspielhaus Hellerau";"Dresden Brunnenweg";"27301";"27401";"TRAM";"8"
"374";"375";"Dresden Brunnenweg";"Dresden Hellerau Kiefernweg";"27401";"27501";"TRAM";"8"
"379";"380";"Dresden Hellerau Kiefernweg";"Dresden Brunnenweg";"27501";"27401";"TRAM";"8"
"380";"381";"Dresden Brunnenweg";"Dresden Festspielhaus Hellerau";"27401";"27301";"TRAM";"8"
"381";"382";"Dresden Festspielhaus Hellerau";"Dresden Heinrich-Tessenow-Weg";"27301";"27202";"TRAM";"8"
"382";"383";"Dresden Heinrich-Tessenow-Weg";"Dresden Am Hellerrand";"27202";"27101";"TRAM";"8"
"383";"385";"Dresden Am Hellerrand";"Dresden Infineon S¸d";"27101";"27002";"TRAM";"8"
"387";"388";"Dresden Infineon S¸d";"Dresden Infineon Nord";"27001";"27601";"TRAM";"7"
"388";"389";"Dresden Infineon Nord";"Dresden Karl-Marx-Straﬂe";"27601";"27701";"TRAM";"7"
"389";"391";"Dresden Karl-Marx-Straﬂe";"Dresden Zur Neuen Br¸cke";"27701";"27801";"TRAM";"7"
"391";"393";"Dresden Zur Neuen Br¸cke";"Dresden K‰the-Kollwitz-Platz";"27801";"27901";"TRAM";"7"
"393";"394";"Dresden K‰the-Kollwitz-Platz";"Dresden Arkonastraﬂe";"27901";"28001";"TRAM";"7"
"394";"396";"Dresden Arkonastraﬂe";"DD Industriepark Klotzsche";"28001";"28101";"TRAM";"7"
"396";"397";"DD Industriepark Klotzsche";"Weixdorf Fuchsberg";"28101";"658301";"TRAM";"7"
"397";"399";"Weixdorf Fuchsberg";"Weixdorf Haltepunkt Bad";"658301";"658403";"TRAM";"7"
"399";"400";"Weixdorf Haltepunkt Bad";"Weixdorf (Rathenaustraﬂe)";"658403";"658801";"TRAM";"7"
"405";"407";"Weixdorf (Rathenaustraﬂe)";"Weixdorf Haltepunkt Bad";"658801";"658403";"TRAM";"7"
"407";"409";"Weixdorf Haltepunkt Bad";"Weixdorf Fuchsberg";"658403";"658301";"TRAM";"7"
"409";"410";"Weixdorf Fuchsberg";"DD Industriepark Klotzsche";"658301";"28101";"TRAM";"7"
"410";"411";"DD Industriepark Klotzsche";"Dresden Arkonastraﬂe";"28101";"28001";"TRAM";"7"
"411";"413";"Dresden Arkonastraﬂe";"Dresden K‰the-Kollwitz-Platz";"28001";"27901";"TRAM";"7"
"413";"415";"Dresden K‰the-Kollwitz-Platz";"Dresden Zur Neuen Br¸cke";"27901";"27801";"TRAM";"7"
"415";"417";"Dresden Zur Neuen Br¸cke";"Dresden Karl-Marx-Straﬂe";"27801";"27701";"TRAM";"7"
"417";"418";"Dresden Karl-Marx-Straﬂe";"Dresden Infineon Nord";"27701";"27601";"TRAM";"7"
"418";"420";"Dresden Infineon Nord";"Dresden Infineon S¸d";"27601";"27001";"TRAM";"7"
"420";"421";"Dresden Infineon S¸d";"Dresden Moritzburger Weg";"27001";"26901";"TRAM";"7"
"421";"423";"Dresden Moritzburger Weg";"Dresden Hellersiedlung";"26901";"26801";"TRAM";"7"
"423";"424";"Dresden Hellersiedlung";"Dresden Industriegel‰nde";"26801";"26702";"TRAM";"7"
"424";"425";"Dresden Industriegel‰nde";"Dresden Heeresb‰ckerei";"26702";"26601";"TRAM";"7"
"425";"427";"Dresden Heeresb‰ckerei";"Dresden Stauffenbergallee";"26601";"26501";"TRAM";"7"
"427";"428";"Dresden Stauffenbergallee";"Dresden Tannenstraﬂe";"26501";"25901";"TRAM";"7"
"428";"429";"Dresden Tannenstraﬂe";"Dresden Bischofsweg";"25901";"26201";"TRAM";"7"
"434";"436";"Dresden Bischofsweg";"Dresden Bischofsplatz";"26201";"24701";"TRAM";"13"
"436";"437";"Dresden Bischofsplatz";"Dresden Friedensstraﬂe";"24701";"24601";"TRAM";"13"
"437";"440";"Dresden Friedensstraﬂe";"Dresden Liststraﬂe";"24601";"24301";"TRAM";"13"
"440";"442";"Dresden Liststraﬂe";"Dresden B¸rgerstraﬂe";"24301";"24401";"TRAM";"13"
"442";"443";"Dresden B¸rgerstraﬂe";"Dresden Rathaus Pieschen";"24401";"24501";"TRAM";"13"
"443";"445";"Dresden Rathaus Pieschen";"Dresden Altpieschen";"24501";"20002";"TRAM";"13"
"445";"446";"Dresden Altpieschen";"Dresden Mickten";"20002";"20502";"TRAM";"13"
"446";"448";"Dresden Mickten";"Dresden Mickten";"20502";"20501";"TRAM";"13"
"454";"455";"Dresden Mickten";"Dresden Trachauer Straﬂe";"20503";"20601";"TRAM";"9"
"455";"456";"Dresden Trachauer Straﬂe";"Dresden An der Flutrinne";"20601";"21702";"TRAM";"9"
"456";"457";"Dresden An der Flutrinne";"Dresden Sˆrnewitzer Straﬂe";"21702";"21801";"TRAM";"9"
"457";"459";"Dresden Sˆrnewitzer Straﬂe";"Dresden ElbePark";"21801";"58801";"TRAM";"9"
"459";"460";"Dresden ElbePark";"Dresden Washingtonstraﬂe";"58801";"22001";"TRAM";"9"
"460";"461";"Dresden Washingtonstraﬂe";"Dresden Riegelplatz";"22001";"58501";"TRAM";"9"
"463";"464";"Dresden Riegelplatz";"Dresden Washingtonstraﬂe";"58501";"22001";"TRAM";"9"
"464";"465";"Dresden Washingtonstraﬂe";"Dresden ElbePark";"22001";"58801";"TRAM";"9"
"465";"466";"Dresden ElbePark";"Dresden Sˆrnewitzer Straﬂe";"58801";"21801";"TRAM";"9"
"466";"467";"Dresden Sˆrnewitzer Straﬂe";"Dresden An der Flutrinne";"21801";"21702";"TRAM";"9"
"467";"469";"Dresden An der Flutrinne";"Dresden Trachauer Straﬂe";"21702";"20601";"TRAM";"9"
"469";"470";"Dresden Trachauer Straﬂe";"Dresden Mickten";"20601";"20503";"TRAM";"9"
"478";"479";"Dresden Mickten";"Dresden Alttrachau";"20502";"20901";"TRAM";"4"
"479";"480";"Dresden Alttrachau";"Dresden Rankestraﬂe";"20901";"21001";"TRAM";"4"
"480";"482";"Dresden Rankestraﬂe";"Dresden Geblerstraﬂe";"21001";"21202";"TRAM";"4"
"482";"483";"Dresden Geblerstraﬂe";"Dresden Am Trachauer Bahnhof";"21201";"21101";"TRAM";"4"
"483";"484";"Dresden Am Trachauer Bahnhof";"Dresden Rankestraﬂe";"21101";"21001";"TRAM";"4"
"484";"485";"Dresden Rankestraﬂe";"Dresden Alttrachau";"21001";"20901";"TRAM";"4"
"485";"487";"Dresden Alttrachau";"Dresden Mickten";"20901";"20502";"TRAM";"4"
"487";"488";"Dresden Mickten";"Dresden Altpieschen";"20502";"20001";"TRAM";"4"
"488";"489";"Dresden Altpieschen";"Dresden Oschatzer Straﬂe";"20001";"20301";"TRAM";"4"
"489";"490";"Dresden Oschatzer Straﬂe";"Dresden Alexander-Puschkin-Pl";"20301";"20201";"TRAM";"4"
"490";"491";"Dresden Alexander-Puschkin-Pl";"Dresden Alter Schlachthof";"20201";"20101";"TRAM";"4"
"491";"494";"Dresden Alter Schlachthof";"Dresden Anton-/Leipziger Str.";"20101";"01703";"TRAM";"4"
"494";"495";"Dresden Anton-/Leipziger Str.";"Dresden Palaisplatz";"01703";"01801";"TRAM";"4"
"495";"496";"Dresden Palaisplatz";"Dresden Neust‰dter Markt";"01801";"01901";"TRAM";"4"
"496";"498";"Dresden Neust‰dter Markt";"Dresden Theaterplatz";"01901";"02001";"TRAM";"4"
"498";"500";"Dresden Theaterplatz";"Dresden Postplatz";"02001";"03701";"TRAM";"4"
"500";"501";"Dresden Postplatz";"Dresden Altmarkt";"03701";"00401";"TRAM";"4"
"501";"503";"Dresden Altmarkt";"Dresden Pirnaischer Platz";"00401";"00501";"TRAM";"4"
"503";"504";"Dresden Pirnaischer Platz";"DD Deutsches Hygiene-Museum";"00501";"00601";"TRAM";"4"
"504";"506";"DD Deutsches Hygiene-Museum";"Dresden Straﬂburger Platz";"00601";"00701";"TRAM";"4"
"506";"508";"Dresden Straﬂburger Platz";"Dresden Krhs. St. Joseph-Stift";"00701";"06101";"TRAM";"4"
"508";"509";"Dresden Krhs. St. Joseph-Stift";"Dresden Fetscherplatz";"06101";"06201";"TRAM";"4"
"509";"511";"Dresden Fetscherplatz";"Dresden Mosenstraﬂe";"06201";"06301";"TRAM";"4"
"511";"512";"Dresden Mosenstraﬂe";"Dresden Spenerstraﬂe";"06301";"82401";"TRAM";"4"
"512";"513";"Dresden Spenerstraﬂe";"Dresden Bergmannstraﬂe";"82401";"06401";"TRAM";"4"
"513";"515";"Dresden Bergmannstraﬂe";"Dresden Pohlandplatz";"06401";"06503";"TRAM";"4"
"515";"516";"Dresden Pohlandplatz";"Dresden Gottleubaer Straﬂe";"06503";"06601";"TRAM";"4"
"516";"517";"Dresden Gottleubaer Straﬂe";"Dresden Altenberger Straﬂe";"06601";"06702";"TRAM";"4"
"517";"519";"Dresden Altenberger Straﬂe";"Dresden Ludwig-Hartmann-Straﬂe";"06702";"06802";"TRAM";"4"
"519";"520";"Dresden Ludwig-Hartmann-Straﬂe";"Dresden Johannisfriedhof";"06802";"06901";"TRAM";"4"
"520";"521";"Dresden Johannisfriedhof";"Dresden Tolkewitz Urnenhain";"06901";"07001";"TRAM";"4"
"521";"522";"Dresden Tolkewitz Urnenhain";"Dresden Wasserwerk Tolkewitz";"07001";"07101";"TRAM";"4"
"522";"524";"Dresden Wasserwerk Tolkewitz";"Dresden Alttolkewitz";"07101";"07201";"TRAM";"4"
"524";"525";"Dresden Alttolkewitz";"Dresden Hermann-Seidel-Straﬂe";"07201";"07301";"TRAM";"4"
"525";"526";"Dresden Hermann-Seidel-Straﬂe";"Dresden Leubener Straﬂe";"07301";"07401";"TRAM";"4"
"526";"527";"Dresden Leubener Straﬂe";"Dresden Kronst‰dter Platz";"07401";"07501";"TRAM";"4"
"538";"539";"Dresden Kronst‰dter Platz";"Dresden Leubener Straﬂe";"07501";"07401";"TRAM";"4"
"550";"551";"Dresden Leubener Straﬂe";"Dresden Laibacher Straﬂe";"07402";"07601";"TRAM";"6"
"551";"552";"Dresden Laibacher Straﬂe";"Dresden Groﬂglocknerstraﬂe";"07601";"07701";"TRAM";"6"
"552";"553";"Dresden Groﬂglocknerstraﬂe";"Dresden Friedhof Leuben";"07701";"07801";"TRAM";"6"
"553";"555";"Dresden Friedhof Leuben";"Dresden Altleuben";"07801";"09301";"TRAM";"6"
"555";"556";"Dresden Altleuben";"Dresden Berthold-Haupt-Straﬂe";"09301";"09402";"TRAM";"6"
"556";"557";"Dresden Berthold-Haupt-Straﬂe";"Dresden Guerickestraﬂe";"09402";"09601";"TRAM";"6"
"557";"558";"Dresden Guerickestraﬂe";"Dresden Straﬂe des 17. Juni";"09601";"09701";"TRAM";"6"
"558";"559";"Dresden Straﬂe des 17. Juni";"Dresden Fˆrsterlingstraﬂe";"09701";"10301";"TRAM";"6"
"559";"560";"Dresden Fˆrsterlingstraﬂe";"Dresden Bf Niedersedlitz";"10301";"09802";"TRAM";"6"
"569";"570";"Dresden Bf Niedersedlitz";"Dresden Fˆrsterlingstraﬂe";"09802";"10301";"TRAM";"6"
"570";"571";"Dresden Fˆrsterlingstraﬂe";"Dresden Straﬂe des 17. Juni";"10301";"09701";"TRAM";"6"
"571";"572";"Dresden Straﬂe des 17. Juni";"Dresden Guerickestraﬂe";"09701";"09601";"TRAM";"6"
"572";"574";"Dresden Guerickestraﬂe";"Dresden Berthold-Haupt-Straﬂe";"09601";"09402";"TRAM";"6"
"582";"583";"Dresden Berthold-Haupt-Straﬂe";"Dresden Heckenweg";"09402";"09901";"TRAM";"2"
"583";"585";"Dresden Heckenweg";"Dresden Meuﬂlitzer Straﬂe";"09901";"10001";"TRAM";"2"
"585";"586";"Dresden Meuﬂlitzer Straﬂe";"Dresden Freystraﬂe";"10001";"10101";"TRAM";"2"
"597";"598";"Dresden Freystraﬂe";"Dresden Meuﬂlitzer Straﬂe";"10101";"10001";"TRAM";"2"
"598";"599";"Dresden Meuﬂlitzer Straﬂe";"Dresden Heckenweg";"10001";"09901";"TRAM";"2"
"599";"601";"Dresden Heckenweg";"Dresden Berthold-Haupt-Straﬂe";"09901";"09402";"TRAM";"2"
"601";"602";"Dresden Berthold-Haupt-Straﬂe";"Dresden Altleuben";"09402";"09301";"TRAM";"2"
"602";"603";"Dresden Altleuben";"Dresden Rottwerndorfer Straﬂe";"09301";"09201";"TRAM";"2"
"603";"605";"Dresden Rottwerndorfer Straﬂe";"Dresden Abzweig nach Reick";"09201";"09101";"TRAM";"2"
"605";"606";"Dresden Abzweig nach Reick";"Dresden Lassallestraﬂe";"09101";"09001";"TRAM";"2"
"606";"607";"Dresden Lassallestraﬂe";"Dresden Prof.-Ricker-Straﬂe";"09001";"08901";"TRAM";"2"
"607";"608";"Dresden Prof.-Ricker-Straﬂe";"Dresden Marienberger Straﬂe";"08901";"08801";"TRAM";"2"
"608";"609";"Dresden Marienberger Straﬂe";"Dresden Rennplatzstraﬂe";"08801";"08701";"TRAM";"2"
"609";"610";"Dresden Rennplatzstraﬂe";"Dresden Rauensteinstraﬂe";"08701";"08601";"TRAM";"2"
"610";"611";"Dresden Rauensteinstraﬂe";"Dresden Liebst‰dter Straﬂe";"08601";"08501";"TRAM";"2"
"611";"613";"Dresden Liebst‰dter Straﬂe";"Dresden Zwinglistraﬂe";"08501";"08401";"TRAM";"2"
"613";"615";"Dresden Zwinglistraﬂe";"Dresden Karcherallee";"08401";"08301";"TRAM";"2"
"615";"616";"Dresden Karcherallee";"Dresden Lipsiusstraﬂe";"08301";"08201";"TRAM";"2"
"616";"618";"Dresden Lipsiusstraﬂe";"Dresden Comeniusplatz";"08201";"08101";"TRAM";"2"
"618";"620";"Dresden Comeniusplatz";"Dresden Straﬂburger Platz";"08101";"00704";"TRAM";"2"
"623";"625";"Dresden Straﬂburger Platz";"Dresden Groﬂer Garten";"00705";"00801";"TRAM";"13"
"625";"628";"Dresden Groﬂer Garten";"Dresden LennÈplatz";"00801";"11101";"TRAM";"13"
"628";"629";"Dresden LennÈplatz";"Dresden Zoo";"11101";"11201";"TRAM";"13"
"629";"630";"Dresden Zoo";"Dresden Querallee";"11201";"11301";"TRAM";"13"
"630";"631";"Dresden Querallee";"Dresden Julius-Otto-Straﬂe";"11301";"11401";"TRAM";"13"
"631";"633";"Dresden Julius-Otto-Straﬂe";"Dresden Wasaplatz";"11401";"11501";"TRAM";"13"
"633";"634";"Dresden Wasaplatz";"Dresden Mockritzer Straﬂe";"11501";"11601";"TRAM";"13"
"634";"635";"Dresden Mockritzer Straﬂe";"Dresden Hugo-B¸rkner-Straﬂe";"11601";"11701";"TRAM";"13"
"635";"636";"Dresden Hugo-B¸rkner-Straﬂe";"Dresden C‰cilienstraﬂe";"11701";"11801";"TRAM";"13"
"636";"637";"Dresden C‰cilienstraﬂe";"Dresden Eugen-Bracht-Straﬂe";"11801";"11901";"TRAM";"13"
"637";"638";"Dresden Eugen-Bracht-Straﬂe";"Dresden Otto-Dix-Ring";"11901";"12001";"TRAM";"13"
"638";"639";"Dresden Otto-Dix-Ring";"Dresden Wieckestraﬂe";"12001";"12101";"TRAM";"13"
"639";"640";"Dresden Wieckestraﬂe";"Dresden Lohrmannstraﬂe";"12101";"12203";"TRAM";"13"
"640";"641";"Dresden Lohrmannstraﬂe";"Dresden H¸lﬂestraﬂe";"12203";"12301";"TRAM";"13"
"641";"643";"Dresden H¸lﬂestraﬂe";"Dresden Altreick";"12301";"12401";"TRAM";"13"
"643";"645";"Dresden Altreick";"Dresden Trattendorfer Straﬂe";"12401";"12701";"TRAM";"13"
"645";"646";"Dresden Trattendorfer Straﬂe";"Dresden Albert-Wolf-Platz";"12701";"32101";"TRAM";"13"
"646";"647";"Dresden Albert-Wolf-Platz";"Dresden Jacob-Winter-Platz";"32101";"32201";"TRAM";"13"
"647";"648";"Dresden Jacob-Winter-Platz";"Dresden Georg-Palitzsch-Straﬂe";"32201";"32301";"TRAM";"13"
"648";"649";"Dresden Georg-Palitzsch-Straﬂe";"Dresden Prohlis Gleisschleife";"32301";"79102";"TRAM";"13"
"651";"652";"Dresden Prohlis Gleisschleife";"Dresden Georg-Palitzsch-Straﬂe";"79102";"32301";"TRAM";"9"
"652";"653";"Dresden Georg-Palitzsch-Straﬂe";"Dresden Jacob-Winter-Platz";"32301";"32201";"TRAM";"9"
"653";"655";"Dresden Jacob-Winter-Platz";"Dresden Albert-Wolf-Platz";"32201";"32101";"TRAM";"9"
"666";"667";"Dresden Albert-Wolf-Platz";"Dresden M¸gelner Straﬂe";"32101";"12502";"TRAM";"1"
"667";"668";"Dresden M¸gelner Straﬂe";"Dresden Hp Dobritz";"12502";"91902";"TRAM";"1"
"668";"669";"Dresden Hp Dobritz";"Dresden Breitscheidstraﬂe";"91902";"12601";"TRAM";"1"
"669";"671";"Dresden Breitscheidstraﬂe";"Dresden Abzweig nach Reick";"12601";"09101";"TRAM";"1"
"671";"672";"Dresden Abzweig nach Reick";"Dresden Lassallestraﬂe";"09101";"09001";"TRAM";"1"
"672";"673";"Dresden Lassallestraﬂe";"Dresden Prof.-Ricker-Straﬂe";"09001";"08901";"TRAM";"1"
"673";"674";"Dresden Prof.-Ricker-Straﬂe";"Dresden Marienberger Straﬂe";"08901";"08801";"TRAM";"1"
"674";"675";"Dresden Marienberger Straﬂe";"Dresden Rennplatzstraﬂe";"08801";"08701";"TRAM";"1"
"675";"676";"Dresden Rennplatzstraﬂe";"Dresden Rauensteinstraﬂe";"08701";"08601";"TRAM";"1"
"676";"677";"Dresden Rauensteinstraﬂe";"Dresden Liebst‰dter Straﬂe";"08601";"08501";"TRAM";"1"
"677";"679";"Dresden Liebst‰dter Straﬂe";"Dresden Zwinglistraﬂe";"08501";"08401";"TRAM";"1"
"679";"681";"Dresden Zwinglistraﬂe";"Dresden Karcherallee";"08401";"08301";"TRAM";"1"
"681";"682";"Dresden Karcherallee";"Dresden Lipsiusstraﬂe";"08301";"08201";"TRAM";"1"
"682";"684";"Dresden Lipsiusstraﬂe";"Dresden Comeniusplatz";"08201";"08101";"TRAM";"1"
"684";"686";"Dresden Comeniusplatz";"Dresden Straﬂburger Platz";"08101";"00704";"TRAM";"1"
"691";"692";"Dresden Straﬂburger Platz";"Dresden St.-Benno-Gymnasium";"00706";"08001";"TRAM";"13"
"692";"693";"Dresden St.-Benno-Gymnasium";"Dresden D¸rerstraﬂe";"08001";"00901";"TRAM";"13"
"693";"695";"Dresden D¸rerstraﬂe";"Dresden Sachsenallee";"00901";"01001";"TRAM";"13"
"695";"697";"Dresden Sachsenallee";"Dresden Rosa-Luxemburg-Platz";"01001";"01101";"TRAM";"13"
"697";"699";"Dresden Rosa-Luxemburg-Platz";"DD Bautzner/Rothenburger Str.";"01101";"01203";"TRAM";"13"
"699";"700";"DD Bautzner/Rothenburger Str.";"Dresden Gˆrlitzer Straﬂe";"01203";"26401";"TRAM";"13"
"700";"702";"Dresden Gˆrlitzer Straﬂe";"Dresden Alaunplatz";"26401";"26301";"TRAM";"13"
"702";"704";"Dresden Alaunplatz";"Dresden Bischofsweg";"26301";"26201";"TRAM";"13"
"704";"706";"Dresden Bischofsweg";"Dresden Bischofsplatz";"26201";"24701";"TRAM";"13"
"706";"707";"Dresden Bischofsplatz";"Dresden Friedensstraﬂe";"24701";"24601";"TRAM";"13"
"707";"710";"Dresden Friedensstraﬂe";"Dresden Liststraﬂe";"24601";"24301";"TRAM";"13"
"720";"722";"Dresden Liststraﬂe";"Dresden Zeithainer Straﬂe";"24301";"24801";"TRAM";"3"
"722";"723";"Dresden Zeithainer Straﬂe";"Dresden Trachenberger Platz";"24801";"24902";"TRAM";"3"
"723";"725";"Dresden Trachenberger Platz";"Dresden Hubertusplatz";"24902";"25101";"TRAM";"3"
"725";"726";"Dresden Hubertusplatz";"Dresden Dorothea-Erxleben-Str";"25101";"25201";"TRAM";"3"
"726";"728";"Dresden Dorothea-Erxleben-Str";"Dresden Wilder Mann";"25201";"25302";"TRAM";"3"
"734";"735";"Dresden Wilder Mann";"Dresden Dorothea-Erxleben-Str";"25302";"25201";"TRAM";"3"
"735";"736";"Dresden Dorothea-Erxleben-Str";"Dresden Hubertusplatz";"25201";"25101";"TRAM";"3"
"736";"738";"Dresden Hubertusplatz";"Dresden Trachenberger Platz";"25101";"24901";"TRAM";"3"
"738";"739";"Dresden Trachenberger Platz";"Dresden Zeithainer Straﬂe";"24901";"24801";"TRAM";"3"
"739";"741";"Dresden Zeithainer Straﬂe";"Dresden Liststraﬂe";"24801";"24301";"TRAM";"3"
"741";"742";"Dresden Liststraﬂe";"Dresden Groﬂenhainer Platz";"24301";"24201";"TRAM";"3"
"742";"743";"Dresden Groﬂenhainer Platz";"Dresden Lˆﬂnitzstraﬂe";"24201";"24101";"TRAM";"3"
"743";"744";"Dresden Lˆﬂnitzstraﬂe";"Dresden Bf Neustadt (Hansastr)";"24101";"19801";"TRAM";"3"
"744";"746";"Dresden Bf Neustadt (Hansastr)";"Dresden Bahnhof Neustadt";"19801";"01606";"TRAM";"3"
"751";"752";"Dresden Bahnhof Neustadt";"Dresden Anton-/Leipziger Str.";"01606";"01701";"TRAM";"11"
"752";"754";"Dresden Anton-/Leipziger Str.";"DD Kongresszentrum/H d Presse";"01701";"02101";"TRAM";"11"
"754";"755";"DD Kongresszentrum/H d Presse";"Dresden Am Zwingerteich";"02101";"03501";"TRAM";"11"
"755";"757";"Dresden Am Zwingerteich";"Dresden Postplatz";"03501";"03702";"TRAM";"11"
"762";"764";"Dresden Postplatz";"Dresden Alfred-Althus-Straﬂe";"03702";"02601";"TRAM";"12"
"764";"765";"Dresden Alfred-Althus-Straﬂe";"Dresden Hp Freiberger Straﬂe";"02601";"02501";"TRAM";"12"
"765";"766";"Dresden Hp Freiberger Straﬂe";"Dresden Rosenstraﬂe";"02501";"14101";"TRAM";"12"
"766";"767";"Dresden Rosenstraﬂe";"Dresden Oederaner Straﬂe";"14101";"14201";"TRAM";"12"
"767";"768";"Dresden Oederaner Straﬂe";"Dresden Saxoniastraﬂe";"14201";"14301";"TRAM";"12"
"768";"769";"Dresden Saxoniastraﬂe";"Dresden Tharandter Straﬂe";"14301";"14401";"TRAM";"12"
"769";"770";"Dresden Tharandter Straﬂe";"Dresden B¸naustraﬂe";"14401";"14501";"TRAM";"12"
"770";"772";"Dresden B¸naustraﬂe";"Dresden Conertplatz";"14501";"17401";"TRAM";"12"
"772";"773";"Dresden Conertplatz";"Dresden Pennricher Straﬂe";"17401";"17301";"TRAM";"12"
"773";"775";"Dresden Pennricher Straﬂe";"Dresden Birkenhainer Straﬂe";"17301";"17501";"TRAM";"12"
"775";"777";"Dresden Birkenhainer Straﬂe";"Dresden Altcotta";"17501";"17601";"TRAM";"12"
"777";"778";"Dresden Altcotta";"Dresden Ockerwitzer Straﬂe";"17601";"17702";"TRAM";"12"
"778";"780";"Dresden Ockerwitzer Straﬂe";"DD Cossebauder Str (Hp Cotta)";"17702";"18901";"TRAM";"12"
"780";"781";"DD Cossebauder Str (Hp Cotta)";"Dresden Gottfried-Keller-Str.";"18901";"19001";"TRAM";"12"
"781";"783";"Dresden Gottfried-Keller-Str.";"Dresden Leutewitz";"19001";"19101";"TRAM";"12"
"786";"788";"Dresden Leutewitz";"Dresden Gottfried-Keller-Str.";"19101";"19001";"TRAM";"1"
"788";"789";"Dresden Gottfried-Keller-Str.";"DD Cossebauder Str (Hp Cotta)";"19001";"18901";"TRAM";"1"
"789";"791";"DD Cossebauder Str (Hp Cotta)";"Dresden Fl¸gelweg";"18901";"18801";"TRAM";"1"
"791";"792";"Dresden Fl¸gelweg";"Dresden Bremer Straﬂe";"18801";"18701";"TRAM";"1"
"792";"793";"Dresden Bremer Straﬂe";"Dresden Hamburger Straﬂe";"18701";"18601";"TRAM";"1"
"793";"794";"Dresden Hamburger Straﬂe";"Dresden Waltherstraﬂe";"18601";"18502";"TRAM";"1"
"794";"795";"Dresden Waltherstraﬂe";"Dresden Manitiusstraﬂe";"18502";"18401";"TRAM";"1"
"795";"796";"Dresden Manitiusstraﬂe";"Dresden Sch‰ferstraﬂe";"18401";"19703";"TRAM";"1"
"796";"798";"Dresden Sch‰ferstraﬂe";"Dresden Bahnhof Mitte";"19703";"00102";"TRAM";"1"
"798";"799";"Dresden Bahnhof Mitte";"Dresden Schweriner Straﬂe";"00102";"02301";"TRAM";"1"
"799";"802";"Dresden Schweriner Straﬂe";"Dresden Postplatz";"02301";"03701";"TRAM";"1"
"802";"803";"Dresden Postplatz";"Dresden Altmarkt";"03701";"00401";"TRAM";"1"
"803";"805";"Dresden Altmarkt";"Dresden Pirnaischer Platz";"00401";"00501";"TRAM";"1"
"808";"809";"Dresden Pirnaischer Platz";"Dresden Synagoge";"00502";"01501";"TRAM";"3"
"809";"811";"Dresden Synagoge";"Dresden Carolaplatz";"01501";"01402";"TRAM";"3"
"811";"813";"Dresden Carolaplatz";"Dresden Albertplatz";"01402";"01301";"TRAM";"3"
"813";"815";"Dresden Albertplatz";"Dresden Bahnhof Neustadt";"01301";"01606";"TRAM";"3"
"822";"824";"Dresden Bahnhof Neustadt";"Dresden Albertplatz";"01606";"01302";"TRAM";"11"
"824";"825";"Dresden Albertplatz";"DD Bautzner/Rothenburger Str.";"01302";"01202";"TRAM";"11"
"825";"827";"DD Bautzner/Rothenburger Str.";"Dresden Pulsnitzer Straﬂe";"01202";"29001";"TRAM";"11"
"827";"828";"Dresden Pulsnitzer Straﬂe";"Dresden Diakonissenkrankenhaus";"29001";"29101";"TRAM";"11"
"828";"829";"Dresden Diakonissenkrankenhaus";"Dresden Nordstraﬂe";"29101";"29201";"TRAM";"11"
"829";"830";"Dresden Nordstraﬂe";"Dresden Waldschlˆﬂchen";"29201";"29301";"TRAM";"11"
"830";"831";"Dresden Waldschlˆﬂchen";"Dresden Angelikastraﬂe";"29301";"29401";"TRAM";"11"
"831";"832";"Dresden Angelikastraﬂe";"Dresden Wilhelminenstraﬂe";"29401";"29501";"TRAM";"11"
"832";"833";"Dresden Wilhelminenstraﬂe";"Dresden Elbschlˆsser";"29501";"29601";"TRAM";"11"
"833";"834";"Dresden Elbschlˆsser";"Dresden Mordgrundbr¸cke";"29601";"29701";"TRAM";"11"
"834";"836";"Dresden Mordgrundbr¸cke";"Dresden Plattleite";"29701";"29801";"TRAM";"11"
"836";"837";"Dresden Plattleite";"Dresden Am Weiﬂen Adler";"29801";"29901";"TRAM";"11"
"837";"838";"Dresden Am Weiﬂen Adler";"Dresden Neub¸hlauer Straﬂe";"29901";"30002";"TRAM";"11"
"838";"839";"Dresden Neub¸hlauer Straﬂe";"Dresden Hegereiterstraﬂe";"30002";"30501";"TRAM";"11"
"839";"840";"Dresden Hegereiterstraﬂe";"Dresden Grundstraﬂe";"30501";"30101";"TRAM";"11"
"840";"842";"Dresden Grundstraﬂe";"Dresden B¸hlau Ullersdorfer Pl";"30101";"30201";"TRAM";"11"
"848";"849";"Dresden B¸hlau Ullersdorfer Pl";"Dresden Grundstraﬂe";"30201";"30101";"TRAM";"11"
"849";"850";"Dresden Grundstraﬂe";"Dresden Hegereiterstraﬂe";"30101";"30501";"TRAM";"11"
"850";"851";"Dresden Hegereiterstraﬂe";"Dresden Neub¸hlauer Straﬂe";"30501";"30002";"TRAM";"11"
"851";"852";"Dresden Neub¸hlauer Straﬂe";"Dresden Am Weiﬂen Adler";"30002";"29901";"TRAM";"11"
"852";"854";"Dresden Am Weiﬂen Adler";"Dresden Plattleite";"29901";"29801";"TRAM";"11"
"854";"856";"Dresden Plattleite";"Dresden Mordgrundbr¸cke";"29801";"29701";"TRAM";"11"
"856";"857";"Dresden Mordgrundbr¸cke";"Dresden Elbschlˆsser";"29701";"29601";"TRAM";"11"
"857";"858";"Dresden Elbschlˆsser";"Dresden Wilhelminenstraﬂe";"29601";"29501";"TRAM";"11"
"858";"860";"Dresden Wilhelminenstraﬂe";"Dresden Angelikastraﬂe";"29501";"29401";"TRAM";"11"
"860";"861";"Dresden Angelikastraﬂe";"Dresden Waldschlˆﬂchen";"29401";"29301";"TRAM";"11"
"861";"863";"Dresden Waldschlˆﬂchen";"Dresden Nordstraﬂe";"29301";"29201";"TRAM";"11"
"863";"864";"Dresden Nordstraﬂe";"Dresden Diakonissenkrankenhaus";"29201";"29101";"TRAM";"11"
"864";"865";"Dresden Diakonissenkrankenhaus";"Dresden Pulsnitzer Straﬂe";"29101";"29001";"TRAM";"11"
"865";"866";"Dresden Pulsnitzer Straﬂe";"DD Bautzner/Rothenburger Str.";"29001";"01202";"TRAM";"11"
"869";"871";"DD Bautzner/Rothenburger Str.";"Dresden Rosa-Luxemburg-Platz";"01203";"01101";"TRAM";"6"
"871";"874";"Dresden Rosa-Luxemburg-Platz";"Dresden Sachsenallee";"01101";"01001";"TRAM";"6"
"874";"876";"Dresden Sachsenallee";"Dresden Permoserstraﬂe";"01001";"04101";"TRAM";"6"
"876";"877";"Dresden Permoserstraﬂe";"Dresden Trinitatisplatz";"04101";"04201";"TRAM";"6"
"877";"879";"Dresden Trinitatisplatz";"DD Blasewitzer/Fetscherstraﬂe";"04201";"04301";"TRAM";"6"
"879";"880";"DD Blasewitzer/Fetscherstraﬂe";"Dresden Augsburger Straﬂe";"04301";"04802";"TRAM";"6"
"880";"881";"Dresden Augsburger Straﬂe";"Dresden Kˆnigsheimplatz";"04802";"04901";"TRAM";"6"
"881";"882";"Dresden Kˆnigsheimplatz";"Dresden Lene-Glatzer-Straﬂe";"04901";"05001";"TRAM";"6"
"882";"883";"Dresden Lene-Glatzer-Straﬂe";"Dresden Prellerstraﬂe";"05001";"05101";"TRAM";"6"
"883";"885";"Dresden Prellerstraﬂe";"Dresden Schillerplatz";"05101";"05201";"TRAM";"6"
"885";"887";"Dresden Schillerplatz";"Dresden J¸ngststraﬂe";"05201";"05601";"TRAM";"6"
"887";"888";"Dresden J¸ngststraﬂe";"Dresden Heinrich-Sch¸tz-Straﬂe";"05601";"05401";"TRAM";"6"
"888";"890";"Dresden Heinrich-Sch¸tz-Straﬂe";"Dresden Gustav-Freytag-Straﬂe";"05401";"05501";"TRAM";"6"
"890";"891";"Dresden Gustav-Freytag-Straﬂe";"Dresden Ludwig-Hartmann-Straﬂe";"05501";"06801";"TRAM";"6"
"896";"897";"Dresden Ludwig-Hartmann-Straﬂe";"Dresden Ludwig-Hartmann-Straﬂe";"06802";"06801";"TRAM";"6"
"901";"903";"Dresden Ludwig-Hartmann-Straﬂe";"Dresden Johannisfriedhof";"06801";"06901";"TRAM";"6"
"903";"904";"Dresden Johannisfriedhof";"Dresden Tolkewitz Urnenhain";"06901";"07001";"TRAM";"6"
"904";"905";"Dresden Tolkewitz Urnenhain";"Dresden Wasserwerk Tolkewitz";"07001";"07101";"TRAM";"6"
"914";"915";"Dresden Wasserwerk Tolkewitz";"Dresden Johannisfriedhof";"07101";"06901";"TRAM";"6"
"915";"916";"Dresden Johannisfriedhof";"Dresden Ludwig-Hartmann-Straﬂe";"06901";"06802";"TRAM";"6"
"920";"921";"Dresden Ludwig-Hartmann-Straﬂe";"Dresden Altenberger Straﬂe";"06801";"06702";"TRAM";"10"
"921";"922";"Dresden Altenberger Straﬂe";"Dresden Gottleubaer Straﬂe";"06702";"06601";"TRAM";"10"
"922";"924";"Dresden Gottleubaer Straﬂe";"Dresden Pohlandplatz";"06601";"06503";"TRAM";"10"
"924";"925";"Dresden Pohlandplatz";"Dresden Bergmannstraﬂe";"06503";"06401";"TRAM";"10"
"925";"926";"Dresden Bergmannstraﬂe";"Dresden Spenerstraﬂe";"06401";"82401";"TRAM";"10"
"926";"927";"Dresden Spenerstraﬂe";"Dresden Mosenstraﬂe";"82401";"06301";"TRAM";"10"
"927";"929";"Dresden Mosenstraﬂe";"Dresden Fetscherplatz";"06301";"06201";"TRAM";"10"
"934";"936";"Dresden Fetscherplatz";"Dresden Gabelsbergerstraﬂe";"06201";"04401";"TRAM";"12"
"936";"937";"Dresden Gabelsbergerstraﬂe";"DD Blasewitzer/Fetscherstraﬂe";"04401";"04301";"TRAM";"12"
"939";"941";"DD Blasewitzer/Fetscherstraﬂe";"Dresden Trinitatisplatz";"04301";"04201";"TRAM";"6"
"941";"942";"Dresden Trinitatisplatz";"Dresden Permoserstraﬂe";"04201";"04101";"TRAM";"6"
"942";"944";"Dresden Permoserstraﬂe";"Dresden Sachsenallee";"04101";"01001";"TRAM";"6"
"944";"946";"Dresden Sachsenallee";"Dresden Rosa-Luxemburg-Platz";"01001";"01101";"TRAM";"6"
"946";"948";"Dresden Rosa-Luxemburg-Platz";"DD Bautzner/Rothenburger Str.";"01101";"01203";"TRAM";"6"
"948";"950";"DD Bautzner/Rothenburger Str.";"Dresden Albertplatz";"01203";"01302";"TRAM";"6"
"950";"953";"Dresden Albertplatz";"Dresden Bahnhof Neustadt";"01302";"01606";"TRAM";"6"
"953";"954";"Dresden Bahnhof Neustadt";"Dresden Anton-/Leipziger Str.";"01606";"01701";"TRAM";"6"
"954";"956";"Dresden Anton-/Leipziger Str.";"DD Kongresszentrum/H d Presse";"01701";"02101";"TRAM";"6"
"956";"958";"DD Kongresszentrum/H d Presse";"Dresden Bahnhof Mitte";"02101";"00103";"TRAM";"6"
"958";"959";"Dresden Bahnhof Mitte";"Dresden Bahnhof Mitte";"00103";"00104";"TRAM";"6"
"965";"967";"Dresden Bahnhof Mitte";"Dresden Weiﬂeritzstraﬂe";"00102";"14901";"TRAM";"10"
"967";"969";"Dresden Weiﬂeritzstraﬂe";"DD Krankenhaus Friedrichstadt";"14901";"18101";"TRAM";"10"
"969";"970";"DD Krankenhaus Friedrichstadt";"Dresden Vorwerkstraﬂe";"18101";"18201";"TRAM";"10"
"970";"971";"Dresden Vorwerkstraﬂe";"Dresden Alberthafen";"18201";"52001";"TRAM";"10"
"971";"972";"Dresden Alberthafen";"Dresden Messering (Halle 1)";"52001";"52601";"TRAM";"10"
"972";"973";"Dresden Messering (Halle 1)";"Dresden Messe Dresden";"52601";"52201";"TRAM";"10"
"979";"980";"Dresden Messe Dresden";"Dresden Messering (Halle 1)";"52201";"52601";"TRAM";"10"
"980";"981";"Dresden Messering (Halle 1)";"Dresden Alberthafen";"52601";"52001";"TRAM";"10"
"981";"982";"Dresden Alberthafen";"Dresden Vorwerkstraﬂe";"52001";"18201";"TRAM";"10"
"982";"983";"Dresden Vorwerkstraﬂe";"DD Krankenhaus Friedrichstadt";"18201";"18101";"TRAM";"10"
"983";"984";"DD Krankenhaus Friedrichstadt";"Dresden Weiﬂeritzstraﬂe";"18101";"14901";"TRAM";"10"
"984";"987";"Dresden Weiﬂeritzstraﬂe";"Dresden Bahnhof Mitte";"14901";"00102";"TRAM";"10"
"987";"990";"Dresden Bahnhof Mitte";"Dresden Hp Freiberger Straﬂe";"00102";"02502";"TRAM";"10"
"990";"991";"Dresden Hp Freiberger Straﬂe";"Dresden Budapester Straﬂe";"02502";"02701";"TRAM";"10"
"991";"993";"Dresden Budapester Straﬂe";"Dresden Hauptbahnhof";"02701";"02803";"TRAM";"10"
"993";"995";"Dresden Hauptbahnhof";"Dresden Gret-Palucca-Straﬂe";"02803";"03001";"TRAM";"10"
"995";"997";"Dresden Gret-Palucca-Straﬂe";"Dresden LennÈplatz";"03001";"11102";"TRAM";"10"
"1002";"1003";"Dresden LennÈplatz";"Dresden LennÈplatz";"11102";"11101";"TRAM";"9"
"1007";"1009";"Dresden LennÈplatz";"Dresden Strehlener Platz";"11101";"31101";"TRAM";"11"
"1009";"1010";"Dresden Strehlener Platz";"Dresden Zellescher Weg";"31101";"31202";"TRAM";"11"
"1010";"1012";"Dresden Zellescher Weg";"Dresden R‰cknitzhˆhe";"31202";"31301";"TRAM";"11"
"1012";"1014";"Dresden R‰cknitzhˆhe";"Dresden M¸nzmeisterstraﬂe";"31301";"31401";"TRAM";"11"
"1018";"1019";"Dresden M¸nzmeisterstraﬂe";"Dresden R‰cknitzhˆhe";"31401";"31301";"TRAM";"11"
"1019";"1021";"Dresden R‰cknitzhˆhe";"Dresden Zellescher Weg";"31301";"31202";"TRAM";"11"
"1021";"1023";"Dresden Zellescher Weg";"Dresden Strehlener Platz";"31202";"31101";"TRAM";"11"
"1023";"1025";"Dresden Strehlener Platz";"Dresden LennÈplatz";"31101";"11101";"TRAM";"11"
"1026";"1027";"Dresden LennÈplatz";"Dresden Gret-Palucca-Straﬂe";"11102";"03001";"TRAM";"11"
"1027";"1029";"Dresden Gret-Palucca-Straﬂe";"Dresden Hauptbahnhof Nord";"03001";"03201";"TRAM";"11"
"1029";"1030";"Dresden Hauptbahnhof Nord";"Dresden Walpurgisstraﬂe";"03201";"02901";"TRAM";"11"
"1035";"1038";"Dresden Walpurgisstraﬂe";"Dresden Pirnaischer Platz";"02901";"00502";"TRAM";"3"
"1048";"1050";"Dresden Pirnaischer Platz";"Dresden Prager Straﬂe";"00502";"00301";"TRAM";"12"
"1050";"1052";"Dresden Prager Straﬂe";"Dresden Postplatz";"00301";"03702";"TRAM";"12"
"1052";"1054";"Dresden Postplatz";"Dresden Alfred-Althus-Straﬂe";"03702";"02601";"TRAM";"12"
"1054";"1055";"Dresden Alfred-Althus-Straﬂe";"Dresden Hp Freiberger Straﬂe";"02601";"02501";"TRAM";"12"
"1055";"1056";"Dresden Hp Freiberger Straﬂe";"Dresden Rosenstraﬂe";"02501";"14101";"TRAM";"12"
"1056";"1057";"Dresden Rosenstraﬂe";"Dresden Oederaner Straﬂe";"14101";"14201";"TRAM";"12"
"1057";"1058";"Dresden Oederaner Straﬂe";"Dresden Saxoniastraﬂe";"14201";"14301";"TRAM";"12"
"1058";"1059";"Dresden Saxoniastraﬂe";"Dresden Tharandter Straﬂe";"14301";"14401";"TRAM";"12"
"1063";"1064";"Dresden Tharandter Straﬂe";"Dresden Wernerstraﬂe";"14401";"15401";"TRAM";"6"
"1064";"1066";"Dresden Wernerstraﬂe";"Dresden Cottaer Straﬂe";"15401";"15301";"TRAM";"6"
"1066";"1068";"Dresden Cottaer Straﬂe";"Dresden Sch‰ferstraﬂe";"15301";"19702";"TRAM";"6"
"1071";"1072";"Dresden Sch‰ferstraﬂe";"Dresden Cottaer Straﬂe";"19702";"15301";"TRAM";"6"
"1074";"1076";"Dresden Cottaer Straﬂe";"Dresden Semmelweisstraﬂe";"15301";"17101";"TRAM";"2"
"1076";"1077";"Dresden Semmelweisstraﬂe";"Dresden Burgkstraﬂe";"17101";"17201";"TRAM";"2"
"1077";"1078";"Dresden Burgkstraﬂe";"Dresden Pennricher Straﬂe";"17201";"17301";"TRAM";"2"
"1078";"1079";"Dresden Pennricher Straﬂe";"Dresden Chamissostraﬂe";"17301";"17801";"TRAM";"2"
"1079";"1080";"Dresden Chamissostraﬂe";"Dresden Hebbelplatz";"17801";"17901";"TRAM";"2"
"1080";"1081";"Dresden Hebbelplatz";"Dresden Coventrystraﬂe";"17901";"33301";"TRAM";"2"
"1081";"1082";"Dresden Coventrystraﬂe";"Dresden Dahlienweg";"33301";"33202";"TRAM";"2"
"1082";"1083";"Dresden Dahlienweg";"Dresden Amalie-Dietrich-Platz";"33202";"33401";"TRAM";"2"
"1083";"1084";"Dresden Amalie-Dietrich-Platz";"Dresden Merianplatz";"33401";"33501";"TRAM";"2"
"1084";"1085";"Dresden Merianplatz";"Dresden Kirschenstraﬂe";"33501";"33601";"TRAM";"2"
"1085";"1087";"Dresden Kirschenstraﬂe";"Dresden Schlehenstraﬂe";"33601";"33701";"TRAM";"2"
"1087";"1088";"Dresden Schlehenstraﬂe";"Dresden Betriebshof Gorbitz";"33701";"33801";"TRAM";"2"
"1094";"1096";"Dresden Betriebshof Gorbitz";"Dresden Altnossener Straﬂe";"33801";"34001";"TRAM";"7"
"1096";"1097";"Dresden Altnossener Straﬂe";"Gompitz Rudolf-Walther-Straﬂe";"34001";"34101";"TRAM";"7"
"1097";"1098";"Gompitz Rudolf-Walther-Straﬂe";"Gompitz Gompitzer Hˆhe";"34101";"34201";"TRAM";"7"
"1098";"1099";"Gompitz Gompitzer Hˆhe";"Pennrich Gleisschleife";"34201";"34401";"TRAM";"7"
"1099";"1100";"Pennrich Gleisschleife";"Pennrich Gleisschleife";"34401";"34404";"TRAM";"7"
"1103";"1104";"Pennrich Gleisschleife";"Gompitz Gompitzer Hˆhe";"34401";"34201";"TRAM";"7"
"1104";"1105";"Gompitz Gompitzer Hˆhe";"Gompitz Rudolf-Walther-Straﬂe";"34201";"34101";"TRAM";"7"
"1105";"1106";"Gompitz Rudolf-Walther-Straﬂe";"Dresden Altnossener Straﬂe";"34101";"34001";"TRAM";"7"
"1106";"1108";"Dresden Altnossener Straﬂe";"Dresden Betriebshof Gorbitz";"34001";"33801";"TRAM";"7"
"1108";"1110";"Dresden Betriebshof Gorbitz";"Dresden Schlehenstraﬂe";"33801";"33701";"TRAM";"7"
"1110";"1111";"Dresden Schlehenstraﬂe";"Dresden Kirschenstraﬂe";"33701";"33601";"TRAM";"7"
"1111";"1112";"Dresden Kirschenstraﬂe";"Dresden Merianplatz";"33601";"33501";"TRAM";"7"
"1112";"1113";"Dresden Merianplatz";"Dresden Amalie-Dietrich-Platz";"33501";"33401";"TRAM";"7"
"1113";"1115";"Dresden Amalie-Dietrich-Platz";"Dresden Julius-Vahlteich-Str.";"33401";"33102";"TRAM";"7"
"1115";"1116";"Dresden Julius-Vahlteich-Str.";"Dresden Koblenzer Straﬂe";"33102";"14701";"TRAM";"7"
"1116";"1117";"Dresden Koblenzer Straﬂe";"Dresden Malterstraﬂe";"14701";"14601";"TRAM";"7"
"1117";"1119";"Dresden Malterstraﬂe";"Dresden B¸naustraﬂe";"14601";"14501";"TRAM";"7"
"1119";"1121";"Dresden B¸naustraﬂe";"Dresden Tharandter Straﬂe";"14501";"14401";"TRAM";"7"
"1121";"1122";"Dresden Tharandter Straﬂe";"Dresden Oederaner Straﬂe";"14401";"14201";"TRAM";"7"
"1122";"1123";"Dresden Oederaner Straﬂe";"Dresden Rosenstraﬂe";"14201";"14101";"TRAM";"7"
"1123";"1125";"Dresden Rosenstraﬂe";"Dresden Hp Freiberger Straﬂe";"14101";"02502";"TRAM";"7"
"1125";"1126";"Dresden Hp Freiberger Straﬂe";"Dresden Budapester Straﬂe";"02502";"02701";"TRAM";"7"
"1126";"1128";"Dresden Budapester Straﬂe";"Dresden Hauptbahnhof";"02701";"02803";"TRAM";"7"
"1131";"1133";"Dresden Hauptbahnhof";"Dresden Reichenbachstraﬂe";"02802";"13101";"TRAM";"8"
"1133";"1135";"Dresden Reichenbachstraﬂe";"Dresden N¸rnberger Platz";"13101";"13201";"TRAM";"8"
"1142";"1143";"Dresden N¸rnberger Platz";"Dresden M¸nchner Platz";"13202";"13401";"TRAM";"3"
"1143";"1145";"Dresden M¸nchner Platz";"Dresden Plauen Nˆthnitzer Str.";"13401";"13501";"TRAM";"3"
"1145";"1147";"Dresden Plauen Nˆthnitzer Str.";"Dresden C‰mmerswalder Straﬂe";"13501";"16101";"TRAM";"3"
"1147";"1148";"Dresden C‰mmerswalder Straﬂe";"Dresden Kotteweg";"16101";"16201";"TRAM";"3"
"1148";"1149";"Dresden Kotteweg";"Dresden Saarstraﬂe";"16201";"16301";"TRAM";"3"
"1149";"1150";"Dresden Saarstraﬂe";"Dresden Achtbeeteweg";"16301";"16401";"TRAM";"3"
"1150";"1151";"Dresden Achtbeeteweg";"Dresden Cosch¸tz";"16401";"16501";"TRAM";"3"
"1161";"1161";"Dresden Cosch¸tz";"Dresden Achtbeeteweg";"16501";"16401";"TRAM";"3"
"1161";"1163";"Dresden Achtbeeteweg";"Dresden Saarstraﬂe";"16401";"16301";"TRAM";"3"
"1163";"1164";"Dresden Saarstraﬂe";"Dresden Kotteweg";"16301";"16201";"TRAM";"3"
"1164";"1165";"Dresden Kotteweg";"Dresden C‰mmerswalder Straﬂe";"16201";"16101";"TRAM";"3"
"1165";"1167";"Dresden C‰mmerswalder Straﬂe";"Dresden Plauen Nˆthnitzer Str.";"16101";"13501";"TRAM";"3"
"1167";"1168";"Dresden Plauen Nˆthnitzer Str.";"Dresden M¸nchner Platz";"13501";"13401";"TRAM";"3"
"1168";"1169";"Dresden M¸nchner Platz";"Dresden N¸rnberger Platz";"13401";"13202";"TRAM";"3"
"1169";"1170";"Dresden N¸rnberger Platz";"Dresden Reichenbachstraﬂe";"13202";"13101";"TRAM";"3"
"1170";"1172";"Dresden Reichenbachstraﬂe";"Dresden Hauptbahnhof";"13101";"02802";"TRAM";"3"
"1178";"1179";"Dresden Hauptbahnhof";"Dresden Budapester Straﬂe";"02803";"02701";"TRAM";"10"
"1179";"1181";"Dresden Budapester Straﬂe";"Dresden Hp Freiberger Straﬂe";"02701";"02502";"TRAM";"10"
"1186";"1187";"Dresden Hp Freiberger Straﬂe";"Dresden Rosenstraﬂe";"02502";"14101";"TRAM";"7"
"1187";"1188";"Dresden Rosenstraﬂe";"Dresden Oederaner Straﬂe";"14101";"14201";"TRAM";"7"
"1188";"1189";"Dresden Oederaner Straﬂe";"Dresden Saxoniastraﬂe";"14201";"14301";"TRAM";"7"
"1189";"1190";"Dresden Saxoniastraﬂe";"Dresden Tharandter Straﬂe";"14301";"14401";"TRAM";"7"
"1190";"1191";"Dresden Tharandter Straﬂe";"Dresden B¸naustraﬂe";"14401";"14501";"TRAM";"7"
"1191";"1193";"Dresden B¸naustraﬂe";"Dresden Malterstraﬂe";"14501";"14601";"TRAM";"7"
"1193";"1194";"Dresden Malterstraﬂe";"Dresden Koblenzer Straﬂe";"14601";"14701";"TRAM";"7"
"1194";"1195";"Dresden Koblenzer Straﬂe";"Dresden Julius-Vahlteich-Str.";"14701";"33102";"TRAM";"7"
"1201";"1202";"Dresden Julius-Vahlteich-Str.";"Dresden Wˆlfnitz";"33102";"14801";"TRAM";"6"
"1207";"1208";"Dresden Wˆlfnitz";"Dresden Koblenzer Straﬂe";"14801";"14701";"TRAM";"6"
"1208";"1209";"Dresden Koblenzer Straﬂe";"Dresden Malterstraﬂe";"14701";"14601";"TRAM";"6"
"1209";"1211";"Dresden Malterstraﬂe";"Dresden B¸naustraﬂe";"14601";"14501";"TRAM";"6"
"1211";"1212";"Dresden B¸naustraﬂe";"Dresden Tharandter Straﬂe";"14501";"14401";"TRAM";"6"
"1212";"1214";"Dresden Tharandter Straﬂe";"Dresden Wernerstraﬂe";"14401";"15401";"TRAM";"6"
"1214";"1215";"Dresden Wernerstraﬂe";"Dresden Cottaer Straﬂe";"15401";"15301";"TRAM";"6"
"1215";"1216";"Dresden Cottaer Straﬂe";"Dresden Sch‰ferstraﬂe";"15301";"19702";"TRAM";"6"
"1216";"1218";"Dresden Sch‰ferstraﬂe";"Dresden Bahnhof Mitte";"19702";"00102";"TRAM";"6"
"1219";"1220";"Dresden Bahnhof Mitte";"DD Kongresszentrum/H d Presse";"00103";"02101";"TRAM";"6"
"1220";"1222";"DD Kongresszentrum/H d Presse";"Dresden Anton-/Leipziger Str.";"02101";"01701";"TRAM";"6"
"1227";"1229";"Dresden Anton-/Leipziger Str.";"Dresden Alter Schlachthof";"01703";"20101";"TRAM";"4"
"1229";"1230";"Dresden Alter Schlachthof";"Dresden Alexander-Puschkin-Pl";"20101";"20201";"TRAM";"4"
"1230";"1231";"Dresden Alexander-Puschkin-Pl";"Dresden Oschatzer Straﬂe";"20201";"20301";"TRAM";"4"
"1231";"1233";"Dresden Oschatzer Straﬂe";"Dresden Altpieschen";"20301";"20001";"TRAM";"4"
"1233";"1234";"Dresden Altpieschen";"Dresden Mickten";"20001";"20502";"TRAM";"4"
"1234";"1235";"Dresden Mickten";"Dresden Alttrachau";"20502";"20901";"TRAM";"4"
"1235";"1236";"Dresden Alttrachau";"Dresden Rankestraﬂe";"20901";"21001";"TRAM";"4"
"1236";"1237";"Dresden Rankestraﬂe";"Dresden Geblerstraﬂe";"21001";"21202";"TRAM";"4"
"1237";"1238";"Dresden Geblerstraﬂe";"Dresden Kleestraﬂe";"21202";"21301";"TRAM";"4"
"1238";"1239";"Dresden Kleestraﬂe";"Radebeul Forststraﬂe";"21301";"421401";"TRAM";"4"
"1239";"1241";"Radebeul Forststraﬂe";"Radebeul Zinzendorfstraﬂe";"421401";"421601";"TRAM";"4"
"1241";"1243";"Radebeul Zinzendorfstraﬂe";"Radebeul Hauptstraﬂe";"421601";"421701";"TRAM";"4"
"1243";"1245";"Radebeul Hauptstraﬂe";"Radebeul Schildenstraﬂe";"421701";"421802";"TRAM";"4"
"1245";"1246";"Radebeul Schildenstraﬂe";"Radebeul Wasastraﬂe";"421802";"421901";"TRAM";"4"
"1246";"1247";"Radebeul Wasastraﬂe";"Radebeul Landesb¸hnen Sachsen";"421901";"422101";"TRAM";"4"
"1247";"1249";"Radebeul Landesb¸hnen Sachsen";"Radebeul Zillerstraﬂe";"422101";"422201";"TRAM";"4"
"1249";"1250";"Radebeul Zillerstraﬂe";"Radebeul Dr.-K¸lz-Straﬂe";"422201";"422301";"TRAM";"4"
"1250";"1251";"Radebeul Dr.-K¸lz-Straﬂe";"Radebeul Borstraﬂe";"422301";"422401";"TRAM";"4"
"1251";"1253";"Radebeul Borstraﬂe";"Radebeul Gradsteg";"422401";"423301";"TRAM";"4"
"1253";"1254";"Radebeul Gradsteg";"Radebeul Moritzburger Straﬂe";"423301";"422503";"TRAM";"4"
"1254";"1255";"Radebeul Moritzburger Straﬂe";"Radebeul West (Flemmingstraﬂe)";"422503";"422603";"TRAM";"4"
"1269";"1270";"Radebeul West (Flemmingstraﬂe)";"Radebeul West (Flemmingstraﬂe)";"422602";"422601";"TRAM";"4"
"1270";"1271";"Radebeul West (Flemmingstraﬂe)";"Radebeul Schloss Wackerbarth";"422603";"422702";"TRAM";"4"
"1271";"1273";"Radebeul Schloss Wackerbarth";"Radebeul Johannisbergstraﬂe";"422702";"422801";"TRAM";"4"
"1273";"1275";"Radebeul Johannisbergstraﬂe";"Radebeul Gerhart-Hauptmann-Str";"422801";"422902";"TRAM";"4"
"1275";"1276";"Radebeul Gerhart-Hauptmann-Str";"Radebeul Eisenbahnbr¸cke";"422902";"423001";"TRAM";"4"
"1276";"1278";"Radebeul Eisenbahnbr¸cke";"Coswig Radebeuler Straﬂe";"423001";"416801";"TRAM";"4"
"1278";"1279";"Coswig Radebeuler Straﬂe";"Coswig Zentrum/ Bˆrse";"416801";"416002";"TRAM";"4"
"1279";"1280";"Coswig Zentrum/ Bˆrse";"Coswig Rathaus";"416002";"418501";"TRAM";"4"
"1280";"1282";"Coswig Rathaus";"Coswig Salzstraﬂe (Strab)";"418501";"415601";"TRAM";"4"
"1282";"1283";"Coswig Salzstraﬂe (Strab)";"Coswig Auerstraﬂe";"415601";"415701";"TRAM";"4"
"1283";"1284";"Coswig Auerstraﬂe";"Coswig Steinbacher Weg";"415701";"415801";"TRAM";"4"
"1284";"1286";"Coswig Steinbacher Weg";"Weinbˆhla Kˆhlerstraﬂe";"415801";"414702";"TRAM";"4"
"1286";"1289";"Weinbˆhla Kˆhlerstraﬂe";"Weinbˆhla (Rathausstraﬂe)";"414702";"414401";"TRAM";"4"
"1297";"1299";"Weinbˆhla (Rathausstraﬂe)";"Weinbˆhla Kˆhlerstraﬂe";"414401";"414702";"TRAM";"4"
"1299";"1301";"Weinbˆhla Kˆhlerstraﬂe";"Coswig Steinbacher Weg";"414702";"415801";"TRAM";"4"
"1301";"1302";"Coswig Steinbacher Weg";"Coswig Auerstraﬂe";"415801";"415701";"TRAM";"4"
"1302";"1303";"Coswig Auerstraﬂe";"Coswig Salzstraﬂe (Strab)";"415701";"415601";"TRAM";"4"
"1303";"1305";"Coswig Salzstraﬂe (Strab)";"Coswig Rathaus";"415601";"418501";"TRAM";"4"
"1305";"1306";"Coswig Rathaus";"Coswig Zentrum/ Bˆrse";"418501";"416002";"TRAM";"4"
"1306";"1308";"Coswig Zentrum/ Bˆrse";"Coswig Radebeuler Straﬂe";"416002";"416801";"TRAM";"4"
"1308";"1309";"Coswig Radebeuler Straﬂe";"Radebeul Eisenbahnbr¸cke";"416801";"423001";"TRAM";"4"
"1309";"1311";"Radebeul Eisenbahnbr¸cke";"Radebeul Gerhart-Hauptmann-Str";"423001";"422902";"TRAM";"4"
"1311";"1313";"Radebeul Gerhart-Hauptmann-Str";"Radebeul Johannisbergstraﬂe";"422902";"422801";"TRAM";"4"
"1313";"1314";"Radebeul Johannisbergstraﬂe";"Radebeul Schloss Wackerbarth";"422801";"422701";"TRAM";"4"
"1314";"1315";"Radebeul Schloss Wackerbarth";"Radebeul West (Flemmingstraﬂe)";"422701";"422601";"TRAM";"4"
"1315";"1316";"Radebeul West (Flemmingstraﬂe)";"Radebeul Moritzburger Straﬂe";"422601";"422501";"TRAM";"4"
"1316";"1317";"Radebeul Moritzburger Straﬂe";"Radebeul Gradsteg";"422501";"423301";"TRAM";"4"
"1317";"1318";"Radebeul Gradsteg";"Radebeul Borstraﬂe";"423301";"422401";"TRAM";"4"
"1318";"1319";"Radebeul Borstraﬂe";"Radebeul Dr.-K¸lz-Straﬂe";"422401";"422301";"TRAM";"4"
"1319";"1320";"Radebeul Dr.-K¸lz-Straﬂe";"Radebeul Zillerstraﬂe";"422301";"422201";"TRAM";"4"
"1320";"1322";"Radebeul Zillerstraﬂe";"Radebeul Landesb¸hnen Sachsen";"422201";"422101";"TRAM";"4"
"1322";"1323";"Radebeul Landesb¸hnen Sachsen";"Radebeul Wasastraﬂe";"422101";"421901";"TRAM";"4"
"1323";"1324";"Radebeul Wasastraﬂe";"Radebeul Schildenstraﬂe";"421901";"421801";"TRAM";"4"
"1324";"1326";"Radebeul Schildenstraﬂe";"Radebeul Hauptstraﬂe";"421801";"421701";"TRAM";"4"
"1326";"1327";"Radebeul Hauptstraﬂe";"Radebeul Zinzendorfstraﬂe";"421701";"421601";"TRAM";"4"
"1327";"1329";"Radebeul Zinzendorfstraﬂe";"Radebeul Forststraﬂe";"421601";"421401";"TRAM";"4"
"1344";"1346";"Radebeul Forststraﬂe";"Radebeul Ost (Schillerstraﬂe)";"421401";"421501";"TRAM";"4"
